# WaveFront *.obj file (generated by Autodesk ATF)

mtllib GEN_Box_QR_code.mtl

g Extrusion

v 0.000000 0.000000 20.000000
v 75.000000 0.000000 20.000000
v 150.000000 0.000000 20.000000
v 225.000000 0.000000 20.000000
v 300.000000 0.000000 20.000000
v 375.000000 0.000000 20.000000
v 450.000000 0.000000 20.000000
v 525.000000 0.000000 20.000000
v 600.000000 0.000000 20.000000
v 600.000000 75.000000 20.000000
v 600.000000 150.000000 20.000000
v 600.000000 225.000000 20.000000
v 600.000000 300.000000 20.000000
v 600.000000 375.000000 20.000000
v 600.000000 450.000000 20.000000
v 600.000000 525.000000 20.000000
v 600.000000 600.000000 20.000000
v 525.000000 600.000000 20.000000
v 450.000000 600.000000 20.000000
v 375.000000 600.000000 20.000000
v 300.000000 600.000000 20.000000
v 225.000000 600.000000 20.000000
v 150.000000 600.000000 20.000000
v 75.000000 600.000000 20.000000
v 0.000000 600.000000 20.000000
v 0.000000 525.000000 20.000000
v 0.000000 450.000000 20.000000
v 0.000000 375.000000 20.000000
v 0.000000 300.000000 20.000000
v 0.000000 225.000000 20.000000
v 0.000000 150.000000 20.000000
v 0.000000 75.000000 20.000000
v 514.285714 85.714286 20.000000
v 428.571429 85.714286 20.000000
v 342.857143 85.714286 20.000000
v 257.142857 85.714286 20.000000
v 171.428571 85.714286 20.000000
v 85.714286 85.714286 20.000000
v 514.285714 171.428571 20.000000
v 428.571429 171.428571 20.000000
v 342.857143 171.428571 20.000000
v 257.142857 171.428571 20.000000
v 171.428571 171.428571 20.000000
v 85.714286 171.428571 20.000000
v 514.285714 257.142857 20.000000
v 428.571429 257.142857 20.000000
v 342.857143 257.142857 20.000000
v 257.142857 257.142857 20.000000
v 171.428571 257.142857 20.000000
v 85.714286 257.142857 20.000000
v 514.285714 342.857143 20.000000
v 428.571429 342.857143 20.000000
v 342.857143 342.857143 20.000000
v 257.142857 342.857143 20.000000
v 171.428571 342.857143 20.000000
v 85.714286 342.857143 20.000000
v 514.285714 428.571429 20.000000
v 428.571429 428.571429 20.000000
v 342.857143 428.571429 20.000000
v 257.142857 428.571429 20.000000
v 171.428571 428.571429 20.000000
v 85.714286 428.571429 20.000000
v 514.285714 514.285714 20.000000
v 428.571429 514.285714 20.000000
v 342.857143 514.285714 20.000000
v 257.142857 514.285714 20.000000
v 171.428571 514.285714 20.000000
v 85.714286 514.285714 20.000000
v 0.000000 0.000000 0.000000
v 0.000000 75.000000 0.000000
v 0.000000 150.000000 0.000000
v 0.000000 225.000000 0.000000
v 0.000000 300.000000 0.000000
v 0.000000 375.000000 0.000000
v 0.000000 450.000000 0.000000
v 0.000000 525.000000 0.000000
v 0.000000 600.000000 0.000000
v 75.000000 600.000000 0.000000
v 150.000000 600.000000 0.000000
v 225.000000 600.000000 0.000000
v 300.000000 600.000000 0.000000
v 375.000000 600.000000 0.000000
v 450.000000 600.000000 0.000000
v 525.000000 600.000000 0.000000
v 600.000000 600.000000 0.000000
v 600.000000 525.000000 0.000000
v 600.000000 450.000000 0.000000
v 600.000000 375.000000 0.000000
v 600.000000 300.000000 0.000000
v 600.000000 225.000000 0.000000
v 600.000000 150.000000 0.000000
v 600.000000 75.000000 0.000000
v 600.000000 0.000000 0.000000
v 525.000000 0.000000 0.000000
v 450.000000 0.000000 0.000000
v 375.000000 0.000000 0.000000
v 300.000000 0.000000 0.000000
v 225.000000 0.000000 0.000000
v 150.000000 0.000000 0.000000
v 75.000000 0.000000 0.000000
v 85.714286 85.714286 0.000000
v 171.428571 85.714286 0.000000
v 257.142857 85.714286 0.000000
v 342.857143 85.714286 0.000000
v 428.571429 85.714286 0.000000
v 514.285714 85.714286 0.000000
v 85.714286 171.428571 0.000000
v 171.428571 171.428571 0.000000
v 257.142857 171.428571 0.000000
v 342.857143 171.428571 0.000000
v 428.571429 171.428571 0.000000
v 514.285714 171.428571 0.000000
v 85.714286 257.142857 0.000000
v 171.428571 257.142857 0.000000
v 257.142857 257.142857 0.000000
v 342.857143 257.142857 0.000000
v 428.571429 257.142857 0.000000
v 514.285714 257.142857 0.000000
v 85.714286 342.857143 0.000000
v 171.428571 342.857143 0.000000
v 257.142857 342.857143 0.000000
v 342.857143 342.857143 0.000000
v 428.571429 342.857143 0.000000
v 514.285714 342.857143 0.000000
v 85.714286 428.571429 0.000000
v 171.428571 428.571429 0.000000
v 257.142857 428.571429 0.000000
v 342.857143 428.571429 0.000000
v 428.571429 428.571429 0.000000
v 514.285714 428.571429 0.000000
v 85.714286 514.285714 0.000000
v 171.428571 514.285714 0.000000
v 257.142857 514.285714 0.000000
v 342.857143 514.285714 0.000000
v 428.571429 514.285714 0.000000
v 514.285714 514.285714 0.000000
vt -60.000000 0.000000 0.000000
vt -52.500000 0.000000 0.000000
vt -60.000000 7.500000 0.000000
vt -51.428571 8.571429 0.000000
vt -60.000000 15.000000 0.000000
vt -51.428571 17.142857 0.000000
vt -60.000000 22.500000 0.000000
vt -51.428571 25.714286 0.000000
vt -60.000000 30.000000 0.000000
vt -51.428571 34.285714 0.000000
vt -60.000000 37.500000 0.000000
vt -51.428571 42.857143 0.000000
vt -60.000000 45.000000 0.000000
vt -51.428571 51.428571 0.000000
vt -60.000000 52.500000 0.000000
vt -52.500000 60.000000 0.000000
vt -60.000000 60.000000 0.000000
vt -45.000000 0.000000 0.000000
vt -42.857143 8.571429 0.000000
vt -42.857143 17.142857 0.000000
vt -42.857143 25.714286 0.000000
vt -42.857143 34.285714 0.000000
vt -42.857143 42.857143 0.000000
vt -42.857143 51.428571 0.000000
vt -45.000000 60.000000 0.000000
vt -37.500000 60.000000 0.000000
vt -34.285714 51.428571 0.000000
vt -30.000000 60.000000 0.000000
vt -25.714286 51.428571 0.000000
vt -22.500000 60.000000 0.000000
vt -17.142857 51.428571 0.000000
vt -15.000000 60.000000 0.000000
vt -8.571429 51.428571 0.000000
vt -7.500000 60.000000 0.000000
vt 0.000000 52.500000 0.000000
vt 0.000000 60.000000 0.000000
vt -37.500000 0.000000 0.000000
vt -34.285714 8.571429 0.000000
vt -34.285714 17.142857 0.000000
vt -34.285714 25.714286 0.000000
vt -34.285714 34.285714 0.000000
vt -34.285714 42.857143 0.000000
vt -30.000000 0.000000 0.000000
vt -25.714286 8.571429 0.000000
vt -25.714286 17.142857 0.000000
vt -25.714286 25.714286 0.000000
vt -25.714286 34.285714 0.000000
vt -25.714286 42.857143 0.000000
vt -22.500000 0.000000 0.000000
vt -17.142857 8.571429 0.000000
vt -17.142857 17.142857 0.000000
vt -17.142857 25.714286 0.000000
vt -17.142857 34.285714 0.000000
vt -17.142857 42.857143 0.000000
vt -15.000000 0.000000 0.000000
vt -8.571429 8.571429 0.000000
vt -8.571429 17.142857 0.000000
vt -8.571429 25.714286 0.000000
vt -8.571429 34.285714 0.000000
vt -8.571429 42.857143 0.000000
vt -7.500000 0.000000 0.000000
vt 0.000000 7.500000 0.000000
vt 0.000000 15.000000 0.000000
vt 0.000000 0.000000 0.000000
vt 0.000000 22.500000 0.000000
vt 0.000000 30.000000 0.000000
vt 0.000000 37.500000 0.000000
vt 0.000000 45.000000 0.000000
vt 60.000000 0.000000 0.000000
vt 60.000000 7.500000 0.000000
vt 52.500000 0.000000 0.000000
vt 51.428571 8.571429 0.000000
vt 45.000000 0.000000 0.000000
vt 42.857143 8.571429 0.000000
vt 37.500000 0.000000 0.000000
vt 34.285714 8.571429 0.000000
vt 30.000000 0.000000 0.000000
vt 25.714286 8.571429 0.000000
vt 22.500000 0.000000 0.000000
vt 17.142857 8.571429 0.000000
vt 15.000000 0.000000 0.000000
vt 8.571429 8.571429 0.000000
vt 7.500000 0.000000 0.000000
vt -0.000000 7.500000 0.000000
vt -0.000000 0.000000 0.000000
vt 60.000000 15.000000 0.000000
vt 51.428571 17.142857 0.000000
vt 42.857143 17.142857 0.000000
vt 42.857143 25.714286 0.000000
vt 34.285714 25.714286 0.000000
vt 34.285714 34.285714 0.000000
vt 25.714286 34.285714 0.000000
vt 25.714286 42.857143 0.000000
vt 17.142857 42.857143 0.000000
vt 17.142857 51.428571 0.000000
vt 8.571429 51.428571 0.000000
vt 15.000000 60.000000 0.000000
vt 7.500000 60.000000 0.000000
vt 60.000000 22.500000 0.000000
vt 51.428571 25.714286 0.000000
vt 42.857143 34.285714 0.000000
vt 34.285714 42.857143 0.000000
vt 25.714286 51.428571 0.000000
vt 22.500000 60.000000 0.000000
vt 60.000000 30.000000 0.000000
vt 51.428571 34.285714 0.000000
vt 42.857143 42.857143 0.000000
vt 34.285714 51.428571 0.000000
vt 30.000000 60.000000 0.000000
vt 60.000000 37.500000 0.000000
vt 51.428571 42.857143 0.000000
vt 42.857143 51.428571 0.000000
vt 37.500000 60.000000 0.000000
vt 60.000000 45.000000 0.000000
vt 51.428571 51.428571 0.000000
vt 45.000000 60.000000 0.000000
vt 60.000000 52.500000 0.000000
vt 52.500000 60.000000 0.000000
vt 60.000000 60.000000 0.000000
vt -0.000000 60.000000 0.000000
vt -0.000000 52.500000 0.000000
vt -0.000000 45.000000 0.000000
vt 8.571429 42.857143 0.000000
vt 17.142857 34.285714 0.000000
vt 25.714286 25.714286 0.000000
vt 34.285714 17.142857 0.000000
vt -0.000000 37.500000 0.000000
vt 8.571429 34.285714 0.000000
vt 17.142857 25.714286 0.000000
vt 25.714286 17.142857 0.000000
vt -0.000000 30.000000 0.000000
vt 8.571429 25.714286 0.000000
vt 17.142857 17.142857 0.000000
vt -0.000000 22.500000 0.000000
vt 8.571429 17.142857 0.000000
vt -0.000000 15.000000 0.000000
vt 2.000000 60.000000 0.000000
vt 0.000000 60.000000 0.000000
vt 2.000000 52.500000 0.000000
vt 0.000000 52.500000 0.000000
vt 0.000000 45.000000 0.000000
vt 2.000000 45.000000 0.000000
vt 0.000000 37.500000 0.000000
vt 2.000000 37.500000 0.000000
vt 0.000000 30.000000 0.000000
vt 2.000000 30.000000 0.000000
vt 0.000000 22.500000 0.000000
vt 2.000000 22.500000 0.000000
vt 0.000000 15.000000 0.000000
vt 2.000000 15.000000 0.000000
vt 0.000000 7.500000 0.000000
vt 2.000000 7.500000 0.000000
vt 2.000000 0.000000 0.000000
vt 0.000000 0.000000 0.000000
vt 2.000000 60.000000 0.000000
vt 0.000000 60.000000 0.000000
vt 2.000000 52.500000 0.000000
vt 0.000000 52.500000 0.000000
vt 0.000000 45.000000 0.000000
vt 2.000000 45.000000 0.000000
vt 0.000000 37.500000 0.000000
vt 2.000000 37.500000 0.000000
vt 0.000000 30.000000 0.000000
vt 2.000000 30.000000 0.000000
vt 0.000000 22.500000 0.000000
vt 2.000000 22.500000 0.000000
vt 0.000000 15.000000 0.000000
vt 2.000000 15.000000 0.000000
vt 0.000000 7.500000 0.000000
vt 2.000000 7.500000 0.000000
vt 2.000000 0.000000 0.000000
vt 0.000000 0.000000 0.000000
vt 2.000000 60.000000 0.000000
vt 0.000000 60.000000 0.000000
vt 2.000000 52.500000 0.000000
vt 0.000000 52.500000 0.000000
vt 0.000000 45.000000 0.000000
vt 2.000000 45.000000 0.000000
vt 0.000000 37.500000 0.000000
vt 2.000000 37.500000 0.000000
vt 0.000000 30.000000 0.000000
vt 2.000000 30.000000 0.000000
vt 0.000000 22.500000 0.000000
vt 2.000000 22.500000 0.000000
vt 0.000000 15.000000 0.000000
vt 2.000000 15.000000 0.000000
vt 0.000000 7.500000 0.000000
vt 2.000000 7.500000 0.000000
vt 2.000000 0.000000 0.000000
vt 0.000000 0.000000 0.000000
vt 2.000000 60.000000 0.000000
vt 0.000000 60.000000 0.000000
vt 2.000000 52.500000 0.000000
vt 0.000000 52.500000 0.000000
vt 0.000000 45.000000 0.000000
vt 2.000000 45.000000 0.000000
vt 0.000000 37.500000 0.000000
vt 2.000000 37.500000 0.000000
vt 0.000000 30.000000 0.000000
vt 2.000000 30.000000 0.000000
vt 0.000000 22.500000 0.000000
vt 2.000000 22.500000 0.000000
vt 0.000000 15.000000 0.000000
vt 2.000000 15.000000 0.000000
vt 0.000000 7.500000 0.000000
vt 2.000000 7.500000 0.000000
vt 2.000000 0.000000 0.000000
vt 0.000000 0.000000 0.000000
vn 0.000000 0.000000 0.100000
vn 0.000000 0.000000 0.100000
vn 0.000000 0.000000 0.100000
vn 0.000000 0.000000 0.100000
vn 0.000000 0.000000 0.100000
vn 0.000000 0.000000 0.100000
vn 0.000000 0.000000 0.100000
vn 0.000000 0.000000 0.100000
vn 0.000000 0.000000 0.100000
vn 0.000000 0.000000 0.100000
vn 0.000000 0.000000 0.100000
vn 0.000000 0.000000 0.100000
vn 0.000000 0.000000 0.100000
vn 0.000000 0.000000 0.100000
vn 0.000000 0.000000 0.100000
vn 0.000000 0.000000 0.100000
vn 0.000000 0.000000 0.100000
vn 0.000000 0.000000 0.100000
vn 0.000000 0.000000 0.100000
vn 0.000000 0.000000 0.100000
vn 0.000000 0.000000 0.100000
vn 0.000000 0.000000 0.100000
vn 0.000000 0.000000 0.100000
vn 0.000000 0.000000 0.100000
vn 0.000000 0.000000 0.100000
vn 0.000000 0.000000 0.100000
vn 0.000000 0.000000 0.100000
vn 0.000000 0.000000 0.100000
vn 0.000000 0.000000 0.100000
vn 0.000000 0.000000 0.100000
vn 0.000000 0.000000 0.100000
vn 0.000000 0.000000 0.100000
vn 0.000000 0.000000 0.100000
vn 0.000000 0.000000 0.100000
vn 0.000000 0.000000 0.100000
vn 0.000000 0.000000 0.100000
vn 0.000000 0.000000 0.100000
vn 0.000000 0.000000 0.100000
vn 0.000000 0.000000 0.100000
vn 0.000000 0.000000 0.100000
vn 0.000000 0.000000 0.100000
vn 0.000000 0.000000 0.100000
vn 0.000000 0.000000 0.100000
vn 0.000000 0.000000 0.100000
vn 0.000000 0.000000 0.100000
vn 0.000000 0.000000 0.100000
vn 0.000000 0.000000 0.100000
vn 0.000000 0.000000 0.100000
vn 0.000000 0.000000 0.100000
vn 0.000000 0.000000 0.100000
vn 0.000000 0.000000 0.100000
vn 0.000000 0.000000 0.100000
vn 0.000000 0.000000 0.100000
vn 0.000000 0.000000 0.100000
vn 0.000000 0.000000 0.100000
vn 0.000000 0.000000 0.100000
vn 0.000000 0.000000 0.100000
vn 0.000000 0.000000 0.100000
vn 0.000000 0.000000 0.100000
vn 0.000000 0.000000 0.100000
vn 0.000000 0.000000 0.100000
vn 0.000000 0.000000 0.100000
vn 0.000000 0.000000 0.100000
vn 0.000000 0.000000 0.100000
vn 0.000000 0.000000 0.100000
vn 0.000000 0.000000 0.100000
vn 0.000000 0.000000 0.100000
vn 0.000000 0.000000 0.100000
vn 0.000000 0.000000 -0.100000
vn 0.000000 0.000000 -0.100000
vn 0.000000 0.000000 -0.100000
vn 0.000000 0.000000 -0.100000
vn 0.000000 0.000000 -0.100000
vn 0.000000 0.000000 -0.100000
vn 0.000000 0.000000 -0.100000
vn 0.000000 0.000000 -0.100000
vn 0.000000 0.000000 -0.100000
vn 0.000000 0.000000 -0.100000
vn 0.000000 0.000000 -0.100000
vn 0.000000 0.000000 -0.100000
vn 0.000000 0.000000 -0.100000
vn 0.000000 0.000000 -0.100000
vn 0.000000 0.000000 -0.100000
vn 0.000000 0.000000 -0.100000
vn 0.000000 0.000000 -0.100000
vn 0.000000 0.000000 -0.100000
vn 0.000000 0.000000 -0.100000
vn 0.000000 0.000000 -0.100000
vn 0.000000 0.000000 -0.100000
vn 0.000000 0.000000 -0.100000
vn 0.000000 0.000000 -0.100000
vn 0.000000 0.000000 -0.100000
vn 0.000000 0.000000 -0.100000
vn 0.000000 0.000000 -0.100000
vn 0.000000 0.000000 -0.100000
vn 0.000000 0.000000 -0.100000
vn 0.000000 0.000000 -0.100000
vn 0.000000 0.000000 -0.100000
vn 0.000000 0.000000 -0.100000
vn 0.000000 0.000000 -0.100000
vn 0.000000 0.000000 -0.100000
vn 0.000000 0.000000 -0.100000
vn 0.000000 0.000000 -0.100000
vn 0.000000 0.000000 -0.100000
vn 0.000000 0.000000 -0.100000
vn 0.000000 0.000000 -0.100000
vn 0.000000 0.000000 -0.100000
vn 0.000000 0.000000 -0.100000
vn 0.000000 0.000000 -0.100000
vn 0.000000 0.000000 -0.100000
vn 0.000000 0.000000 -0.100000
vn 0.000000 0.000000 -0.100000
vn 0.000000 0.000000 -0.100000
vn 0.000000 0.000000 -0.100000
vn 0.000000 0.000000 -0.100000
vn 0.000000 0.000000 -0.100000
vn 0.000000 0.000000 -0.100000
vn 0.000000 0.000000 -0.100000
vn 0.000000 0.000000 -0.100000
vn 0.000000 0.000000 -0.100000
vn 0.000000 0.000000 -0.100000
vn 0.000000 0.000000 -0.100000
vn 0.000000 0.000000 -0.100000
vn 0.000000 0.000000 -0.100000
vn 0.000000 0.000000 -0.100000
vn 0.000000 0.000000 -0.100000
vn 0.000000 0.000000 -0.100000
vn 0.000000 0.000000 -0.100000
vn 0.000000 0.000000 -0.100000
vn 0.000000 0.000000 -0.100000
vn 0.000000 0.000000 -0.100000
vn 0.000000 0.000000 -0.100000
vn 0.000000 0.000000 -0.100000
vn 0.000000 0.000000 -0.100000
vn 0.000000 0.000000 -0.100000
vn 0.000000 0.000000 -0.100000
vn 0.000000 -0.100000 0.000000
vn 0.000000 -0.100000 0.000000
vn 0.000000 -0.100000 0.000000
vn 0.000000 -0.100000 0.000000
vn 0.000000 -0.100000 0.000000
vn 0.000000 -0.100000 0.000000
vn 0.000000 -0.100000 0.000000
vn 0.000000 -0.100000 0.000000
vn 0.000000 -0.100000 0.000000
vn 0.000000 -0.100000 0.000000
vn 0.000000 -0.100000 0.000000
vn 0.000000 -0.100000 0.000000
vn 0.000000 -0.100000 0.000000
vn 0.000000 -0.100000 0.000000
vn 0.000000 -0.100000 0.000000
vn 0.000000 -0.100000 0.000000
vn 0.000000 -0.100000 0.000000
vn 0.000000 -0.100000 0.000000
vn 0.100000 -0.000000 0.000000
vn 0.100000 -0.000000 0.000000
vn 0.100000 -0.000000 0.000000
vn 0.100000 -0.000000 0.000000
vn 0.100000 -0.000000 0.000000
vn 0.100000 -0.000000 0.000000
vn 0.100000 -0.000000 0.000000
vn 0.100000 -0.000000 0.000000
vn 0.100000 -0.000000 0.000000
vn 0.100000 -0.000000 0.000000
vn 0.100000 -0.000000 0.000000
vn 0.100000 -0.000000 0.000000
vn 0.100000 -0.000000 0.000000
vn 0.100000 -0.000000 0.000000
vn 0.100000 -0.000000 0.000000
vn 0.100000 -0.000000 0.000000
vn 0.100000 -0.000000 0.000000
vn 0.100000 -0.000000 0.000000
vn 0.000000 0.100000 0.000000
vn 0.000000 0.100000 0.000000
vn 0.000000 0.100000 0.000000
vn 0.000000 0.100000 0.000000
vn 0.000000 0.100000 0.000000
vn 0.000000 0.100000 0.000000
vn 0.000000 0.100000 0.000000
vn 0.000000 0.100000 0.000000
vn 0.000000 0.100000 0.000000
vn 0.000000 0.100000 0.000000
vn 0.000000 0.100000 0.000000
vn 0.000000 0.100000 0.000000
vn 0.000000 0.100000 0.000000
vn 0.000000 0.100000 0.000000
vn 0.000000 0.100000 0.000000
vn 0.000000 0.100000 0.000000
vn 0.000000 0.100000 0.000000
vn 0.000000 0.100000 0.000000
vn -0.100000 0.000000 0.000000
vn -0.100000 0.000000 0.000000
vn -0.100000 0.000000 0.000000
vn -0.100000 0.000000 0.000000
vn -0.100000 0.000000 0.000000
vn -0.100000 0.000000 0.000000
vn -0.100000 0.000000 0.000000
vn -0.100000 0.000000 0.000000
vn -0.100000 0.000000 0.000000
vn -0.100000 0.000000 0.000000
vn -0.100000 0.000000 0.000000
vn -0.100000 0.000000 0.000000
vn -0.100000 0.000000 0.000000
vn -0.100000 0.000000 0.000000
vn -0.100000 0.000000 0.000000
vn -0.100000 0.000000 0.000000
vn -0.100000 0.000000 0.000000
vn -0.100000 0.000000 0.000000
usemtl QR_box_Base
f 1/1/1 2/2/2 32/3/3
f 32/3/3 2/2/2 38/4/4
f 32/3/3 38/4/4 31/5/5
f 31/5/5 38/4/4 44/6/6
f 31/5/5 44/6/6 30/7/7
f 30/7/7 44/6/6 50/8/8
f 30/7/7 50/8/8 29/9/9
f 29/9/9 50/8/8 56/10/10
f 29/9/9 56/10/10 28/11/11
f 28/11/11 56/10/10 62/12/12
f 28/11/11 62/12/12 27/13/13
f 27/13/13 62/12/12 68/14/14
f 27/13/13 68/14/14 26/15/15
f 26/15/15 68/14/14 24/16/16
f 26/15/15 24/16/16 25/17/17
f 2/2/2 3/18/18 38/4/4
f 38/4/4 3/18/18 37/19/19
f 38/4/4 37/19/19 44/6/6
f 44/6/6 37/19/19 43/20/20
f 44/6/6 43/20/20 50/8/8
f 50/8/8 43/20/20 49/21/21
f 50/8/8 49/21/21 56/10/10
f 56/10/10 49/21/21 55/22/22
f 56/10/10 55/22/22 62/12/12
f 62/12/12 55/22/22 61/23/23
f 62/12/12 61/23/23 68/14/14
f 68/14/14 61/23/23 67/24/24
f 68/14/14 67/24/24 23/25/25
f 23/25/25 67/24/24 22/26/26
f 22/26/26 67/24/24 66/27/27
f 22/26/26 66/27/27 21/28/28
f 21/28/28 66/27/27 65/29/29
f 21/28/28 65/29/29 20/30/30
f 20/30/30 65/29/29 64/31/31
f 20/30/30 64/31/31 19/32/32
f 19/32/32 64/31/31 63/33/33
f 19/32/32 63/33/33 18/34/34
f 18/34/34 63/33/33 16/35/35
f 18/34/34 16/35/35 17/36/36
f 3/18/18 4/37/37 37/19/19
f 37/19/19 4/37/37 36/38/38
f 37/19/19 36/38/38 43/20/20
f 43/20/20 36/38/38 42/39/39
f 43/20/20 42/39/39 49/21/21
f 49/21/21 42/39/39 48/40/40
f 49/21/21 48/40/40 55/22/22
f 55/22/22 48/40/40 54/41/41
f 55/22/22 54/41/41 61/23/23
f 61/23/23 54/41/41 60/42/42
f 61/23/23 60/42/42 67/24/24
f 67/24/24 60/42/42 66/27/27
f 4/37/37 5/43/43 36/38/38
f 36/38/38 5/43/43 35/44/44
f 36/38/38 35/44/44 42/39/39
f 42/39/39 35/44/44 41/45/45
f 42/39/39 41/45/45 48/40/40
f 48/40/40 41/45/45 47/46/46
f 48/40/40 47/46/46 54/41/41
f 54/41/41 47/46/46 53/47/47
f 54/41/41 53/47/47 60/42/42
f 60/42/42 53/47/47 59/48/48
f 60/42/42 59/48/48 66/27/27
f 66/27/27 59/48/48 65/29/29
f 5/43/43 6/49/49 35/44/44
f 35/44/44 6/49/49 34/50/50
f 35/44/44 34/50/50 41/45/45
f 41/45/45 34/50/50 40/51/51
f 41/45/45 40/51/51 47/46/46
f 47/46/46 40/51/51 46/52/52
f 47/46/46 46/52/52 53/47/47
f 53/47/47 46/52/52 52/53/53
f 53/47/47 52/53/53 59/48/48
f 59/48/48 52/53/53 58/54/54
f 59/48/48 58/54/54 65/29/29
f 65/29/29 58/54/54 64/31/31
f 6/49/49 7/55/55 34/50/50
f 34/50/50 7/55/55 33/56/56
f 34/50/50 33/56/56 40/51/51
f 40/51/51 33/56/56 39/57/57
f 40/51/51 39/57/57 46/52/52
f 46/52/52 39/57/57 45/58/58
f 46/52/52 45/58/58 52/53/53
f 52/53/53 45/58/58 51/59/59
f 52/53/53 51/59/59 58/54/54
f 58/54/54 51/59/59 57/60/60
f 58/54/54 57/60/60 64/31/31
f 64/31/31 57/60/60 63/33/33
f 7/55/55 8/61/61 33/56/56
f 33/56/56 8/61/61 10/62/62
f 33/56/56 10/62/62 11/63/63
f 8/61/61 9/64/64 10/62/62
f 33/56/56 11/63/63 39/57/57
f 39/57/57 11/63/63 12/65/65
f 39/57/57 12/65/65 45/58/58
f 45/58/58 12/65/65 13/66/66
f 45/58/58 13/66/66 51/59/59
f 51/59/59 13/66/66 14/67/67
f 51/59/59 14/67/67 57/60/60
f 57/60/60 14/67/67 15/68/68
f 57/60/60 15/68/68 63/33/33
f 63/33/33 15/68/68 16/35/35
f 23/25/25 24/16/16 68/14/14
f 69/69/69 70/70/70 100/71/71
f 100/71/71 70/70/70 101/72/72
f 100/71/71 101/72/72 99/73/73
f 99/73/73 101/72/72 102/74/74
f 99/73/73 102/74/74 98/75/75
f 98/75/75 102/74/74 103/76/76
f 98/75/75 103/76/76 97/77/77
f 97/77/77 103/76/76 104/78/78
f 97/77/77 104/78/78 96/79/79
f 96/79/79 104/78/78 105/80/80
f 96/79/79 105/80/80 95/81/81
f 95/81/81 105/80/80 106/82/82
f 95/81/81 106/82/82 94/83/83
f 94/83/83 106/82/82 92/84/84
f 94/83/83 92/84/84 93/85/85
f 70/70/70 71/86/86 101/72/72
f 101/72/72 71/86/86 107/87/87
f 101/72/72 107/87/87 108/88/88
f 108/88/88 107/87/87 114/89/89
f 108/88/88 114/89/89 115/90/90
f 115/90/90 114/89/89 121/91/91
f 115/90/90 121/91/91 122/92/92
f 122/92/92 121/91/91 128/93/93
f 122/92/92 128/93/93 129/94/94
f 129/94/94 128/93/93 135/95/95
f 129/94/94 135/95/95 136/96/96
f 136/96/96 135/95/95 83/97/97
f 136/96/96 83/97/97 84/98/98
f 71/86/86 72/99/99 107/87/87
f 107/87/87 72/99/99 113/100/100
f 107/87/87 113/100/100 114/89/89
f 114/89/89 113/100/100 120/101/101
f 114/89/89 120/101/101 121/91/91
f 121/91/91 120/101/101 127/102/102
f 121/91/91 127/102/102 128/93/93
f 128/93/93 127/102/102 134/103/103
f 128/93/93 134/103/103 135/95/95
f 135/95/95 134/103/103 82/104/104
f 135/95/95 82/104/104 83/97/97
f 72/99/99 73/105/105 113/100/100
f 113/100/100 73/105/105 119/106/106
f 113/100/100 119/106/106 120/101/101
f 120/101/101 119/106/106 126/107/107
f 120/101/101 126/107/107 127/102/102
f 127/102/102 126/107/107 133/108/108
f 127/102/102 133/108/108 134/103/103
f 134/103/103 133/108/108 81/109/109
f 134/103/103 81/109/109 82/104/104
f 73/105/105 74/110/110 119/106/106
f 119/106/106 74/110/110 125/111/111
f 119/106/106 125/111/111 126/107/107
f 126/107/107 125/111/111 132/112/112
f 126/107/107 132/112/112 133/108/108
f 133/108/108 132/112/112 80/113/113
f 133/108/108 80/113/113 81/109/109
f 74/110/110 75/114/114 125/111/111
f 125/111/111 75/114/114 131/115/115
f 125/111/111 131/115/115 132/112/112
f 132/112/112 131/115/115 79/116/116
f 132/112/112 79/116/116 80/113/113
f 75/114/114 76/117/117 131/115/115
f 131/115/115 76/117/117 78/118/118
f 131/115/115 78/118/118 79/116/116
f 76/117/117 77/119/119 78/118/118
f 85/120/120 86/121/121 84/98/98
f 84/98/98 86/121/121 136/96/96
f 86/121/121 87/122/122 136/96/96
f 136/96/96 87/122/122 130/123/123
f 136/96/96 130/123/123 129/94/94
f 129/94/94 130/123/123 123/124/124
f 129/94/94 123/124/124 122/92/92
f 122/92/92 123/124/124 116/125/125
f 122/92/92 116/125/125 115/90/90
f 115/90/90 116/125/125 109/126/126
f 115/90/90 109/126/126 108/88/88
f 108/88/88 109/126/126 102/74/74
f 108/88/88 102/74/74 101/72/72
f 87/122/122 88/127/127 130/123/123
f 130/123/123 88/127/127 124/128/128
f 130/123/123 124/128/128 123/124/124
f 123/124/124 124/128/128 117/129/129
f 123/124/124 117/129/129 116/125/125
f 116/125/125 117/129/129 110/130/130
f 116/125/125 110/130/130 109/126/126
f 109/126/126 110/130/130 103/76/76
f 109/126/126 103/76/76 102/74/74
f 88/127/127 89/131/131 124/128/128
f 124/128/128 89/131/131 118/132/132
f 124/128/128 118/132/132 117/129/129
f 117/129/129 118/132/132 111/133/133
f 117/129/129 111/133/133 110/130/130
f 110/130/130 111/133/133 104/78/78
f 110/130/130 104/78/78 103/76/76
f 89/131/131 90/134/134 118/132/132
f 118/132/132 90/134/134 112/135/135
f 118/132/132 112/135/135 111/133/133
f 111/133/133 112/135/135 105/80/80
f 111/133/133 105/80/80 104/78/78
f 90/134/134 91/136/136 112/135/135
f 112/135/135 91/136/136 106/82/82
f 112/135/135 106/82/82 105/80/80
f 91/136/136 92/84/84 106/82/82
f 93/137/137 9/138/138 94/139/139
f 94/139/139 9/138/138 8/140/140
f 94/139/139 8/140/140 7/141/141
f 94/139/139 7/141/141 95/142/142
f 95/142/142 7/141/141 6/143/143
f 95/142/142 6/143/143 96/144/144
f 96/144/144 6/143/143 5/145/145
f 96/144/144 5/145/145 97/146/146
f 97/146/146 5/145/145 4/147/147
f 97/146/146 4/147/147 98/148/148
f 98/148/148 4/147/147 3/149/149
f 98/148/148 3/149/149 99/150/150
f 99/150/150 3/149/149 2/151/151
f 99/150/150 2/151/151 100/152/152
f 100/152/152 2/151/151 69/153/153
f 69/153/153 2/151/151 1/154/154
f 85/155/155 17/156/156 86/157/157
f 86/157/157 17/156/156 16/158/158
f 86/157/157 16/158/158 15/159/159
f 86/157/157 15/159/159 87/160/160
f 87/160/160 15/159/159 14/161/161
f 87/160/160 14/161/161 88/162/162
f 88/162/162 14/161/161 13/163/163
f 88/162/162 13/163/163 89/164/164
f 89/164/164 13/163/163 12/165/165
f 89/164/164 12/165/165 90/166/166
f 90/166/166 12/165/165 11/167/167
f 90/166/166 11/167/167 91/168/168
f 91/168/168 11/167/167 10/169/169
f 91/168/168 10/169/169 92/170/170
f 92/170/170 10/169/169 93/171/171
f 93/171/171 10/169/169 9/172/172
f 77/173/173 25/174/174 78/175/175
f 78/175/175 25/174/174 24/176/176
f 78/175/175 24/176/176 23/177/177
f 78/175/175 23/177/177 79/178/178
f 79/178/178 23/177/177 22/179/179
f 79/178/178 22/179/179 80/180/180
f 80/180/180 22/179/179 21/181/181
f 80/180/180 21/181/181 81/182/182
f 81/182/182 21/181/181 20/183/183
f 81/182/182 20/183/183 82/184/184
f 82/184/184 20/183/183 19/185/185
f 82/184/184 19/185/185 83/186/186
f 83/186/186 19/185/185 18/187/187
f 83/186/186 18/187/187 84/188/188
f 84/188/188 18/187/187 85/189/189
f 85/189/189 18/187/187 17/190/190
f 69/191/191 1/192/192 70/193/193
f 70/193/193 1/192/192 32/194/194
f 70/193/193 32/194/194 31/195/195
f 70/193/193 31/195/195 71/196/196
f 71/196/196 31/195/195 30/197/197
f 71/196/196 30/197/197 72/198/198
f 72/198/198 30/197/197 29/199/199
f 72/198/198 29/199/199 73/200/200
f 73/200/200 29/199/199 28/201/201
f 73/200/200 28/201/201 74/202/202
f 74/202/202 28/201/201 27/203/203
f 74/202/202 27/203/203 75/204/204
f 75/204/204 27/203/203 26/205/205
f 75/204/204 26/205/205 76/206/206
f 76/206/206 26/205/205 77/207/207
f 77/207/207 26/205/205 25/208/208
g Extrusion:1

v -5.000000 600.000000 600.000000
v -5.000000 525.000000 600.000000
v -5.000000 450.000000 600.000000
v -5.000000 375.000000 600.000000
v -5.000000 300.000000 600.000000
v -5.000000 225.000000 600.000000
v -5.000000 150.000000 600.000000
v -5.000000 75.000000 600.000000
v -5.000000 0.000000 600.000000
v -0.000000 0.000000 600.000000
v -0.000000 75.000000 600.000000
v -0.000000 150.000000 600.000000
v -0.000000 225.000000 600.000000
v -0.000000 300.000000 600.000000
v -0.000000 375.000000 600.000000
v 0.000000 450.000000 600.000000
v 0.000000 525.000000 600.000000
v 0.000000 600.000000 600.000000
v -5.000000 600.000000 0.000000
v 0.000000 600.000000 0.000000
v 0.000000 525.000000 0.000000
v 0.000000 450.000000 0.000000
v -0.000000 375.000000 0.000000
v -0.000000 300.000000 0.000000
v -0.000000 225.000000 0.000000
v -0.000000 150.000000 0.000000
v -0.000000 75.000000 0.000000
v -0.000000 0.000000 0.000000
v -5.000000 0.000000 0.000000
v -5.000000 75.000000 0.000000
v -5.000000 150.000000 0.000000
v -5.000000 225.000000 0.000000
v -5.000000 300.000000 0.000000
v -5.000000 375.000000 0.000000
v -5.000000 450.000000 0.000000
v -5.000000 525.000000 0.000000
v -5.000000 600.000000 525.000000
v -5.000000 600.000000 450.000000
v -5.000000 600.000000 375.000000
v -5.000000 600.000000 300.000000
v -5.000000 600.000000 225.000000
v -5.000000 600.000000 150.000000
v -5.000000 600.000000 75.000000
v -5.000000 0.000000 75.000000
v -5.000000 0.000000 150.000000
v -5.000000 0.000000 225.000000
v -5.000000 0.000000 300.000000
v -5.000000 0.000000 375.000000
v -5.000000 0.000000 450.000000
v -5.000000 0.000000 525.000000
v -5.000000 85.714286 514.285714
v -5.000000 85.714286 428.571429
v -5.000000 85.714286 342.857143
v -5.000000 85.714286 257.142857
v -5.000000 85.714286 171.428571
v -5.000000 85.714286 85.714286
v -5.000000 171.428571 514.285714
v -5.000000 171.428571 428.571429
v -5.000000 171.428571 342.857143
v -5.000000 171.428571 257.142857
v -5.000000 171.428571 171.428571
v -5.000000 171.428571 85.714286
v -5.000000 257.142857 514.285714
v -5.000000 257.142857 428.571429
v -5.000000 257.142857 342.857143
v -5.000000 257.142857 257.142857
v -5.000000 257.142857 171.428571
v -5.000000 257.142857 85.714286
v -5.000000 342.857143 514.285714
v -5.000000 342.857143 428.571429
v -5.000000 342.857143 342.857143
v -5.000000 342.857143 257.142857
v -5.000000 342.857143 171.428571
v -5.000000 342.857143 85.714286
v -5.000000 428.571429 514.285714
v -5.000000 428.571429 428.571429
v -5.000000 428.571429 342.857143
v -5.000000 428.571429 257.142857
v -5.000000 428.571429 171.428571
v -5.000000 428.571429 85.714286
v -5.000000 514.285714 514.285714
v -5.000000 514.285714 428.571429
v -5.000000 514.285714 342.857143
v -5.000000 514.285714 257.142857
v -5.000000 514.285714 171.428571
v -5.000000 514.285714 85.714286
v -0.000000 0.000000 75.000000
v -0.000000 0.000000 150.000000
v -0.000000 0.000000 225.000000
v -0.000000 0.000000 300.000000
v -0.000000 0.000000 375.000000
v -0.000000 0.000000 450.000000
v -0.000000 0.000000 525.000000
v 0.000000 600.000000 75.000000
v 0.000000 600.000000 150.000000
v 0.000000 600.000000 225.000000
v 0.000000 600.000000 300.000000
v 0.000000 600.000000 375.000000
v 0.000000 600.000000 450.000000
v 0.000000 600.000000 525.000000
v 0.000000 514.285714 514.285714
v 0.000000 514.285714 428.571429
v 0.000000 514.285714 342.857143
v 0.000000 514.285714 257.142857
v 0.000000 514.285714 171.428571
v 0.000000 514.285714 85.714286
v 0.000000 428.571429 514.285714
v 0.000000 428.571429 428.571429
v 0.000000 428.571429 342.857143
v 0.000000 428.571429 257.142857
v 0.000000 428.571429 171.428571
v 0.000000 428.571429 85.714286
v -0.000000 342.857143 514.285714
v -0.000000 342.857143 428.571429
v -0.000000 342.857143 342.857143
v -0.000000 342.857143 257.142857
v -0.000000 342.857143 171.428571
v -0.000000 342.857143 85.714286
v -0.000000 257.142857 514.285714
v -0.000000 257.142857 428.571429
v -0.000000 257.142857 342.857143
v -0.000000 257.142857 257.142857
v -0.000000 257.142857 171.428571
v -0.000000 257.142857 85.714286
v -0.000000 171.428571 514.285714
v -0.000000 171.428571 428.571429
v -0.000000 171.428571 342.857143
v -0.000000 171.428571 257.142857
v -0.000000 171.428571 171.428571
v -0.000000 171.428571 85.714286
v -0.000000 85.714286 514.285714
v -0.000000 85.714286 428.571429
v -0.000000 85.714286 342.857143
v -0.000000 85.714286 257.142857
v -0.000000 85.714286 171.428571
v -0.000000 85.714286 85.714286
vt -60.000000 0.000000 0.000000
vt -52.500000 -0.000000 0.000000
vt -60.000000 0.500000 0.000000
vt -52.500000 0.500000 0.000000
vt -45.000000 0.000000 0.000000
vt -45.000000 0.500000 0.000000
vt -37.500000 0.000000 0.000000
vt -37.500000 0.500000 0.000000
vt -30.000000 -0.000000 0.000000
vt -30.000000 0.500000 0.000000
vt -22.500000 0.000000 0.000000
vt -22.500000 0.500000 0.000000
vt -15.000000 0.000000 0.000000
vt -15.000000 0.500000 0.000000
vt -7.500000 -0.000000 0.000000
vt -7.500000 0.500000 0.000000
vt -0.000000 -0.000000 0.000000
vt -0.000000 0.500000 0.000000
vt 60.000000 0.500000 0.000000
vt 52.500000 0.500000 0.000000
vt 60.000000 0.000000 0.000000
vt 52.500000 -0.000000 0.000000
vt 45.000000 0.500000 0.000000
vt 45.000000 0.000000 0.000000
vt 37.500000 0.500000 0.000000
vt 37.500000 0.000000 0.000000
vt 30.000000 0.500000 0.000000
vt 30.000000 -0.000000 0.000000
vt 22.500000 0.500000 0.000000
vt 22.500000 0.000000 0.000000
vt 15.000000 0.500000 0.000000
vt 15.000000 0.000000 0.000000
vt 7.500000 0.500000 0.000000
vt 7.500000 -0.000000 0.000000
vt 0.000000 0.500000 0.000000
vt 0.000000 -0.000000 0.000000
vt -0.000000 60.000000 0.000000
vt -0.000000 52.500000 0.000000
vt 7.500000 60.000000 0.000000
vt 8.571429 51.428571 0.000000
vt 15.000000 60.000000 0.000000
vt 17.142857 51.428571 0.000000
vt 22.500000 60.000000 0.000000
vt 25.714286 51.428571 0.000000
vt 30.000000 60.000000 0.000000
vt 34.285714 51.428571 0.000000
vt 37.500000 60.000000 0.000000
vt 42.857143 51.428571 0.000000
vt 45.000000 60.000000 0.000000
vt 51.428571 51.428571 0.000000
vt 52.500000 60.000000 0.000000
vt 60.000000 52.500000 0.000000
vt 60.000000 60.000000 0.000000
vt -0.000000 45.000000 0.000000
vt 8.571429 42.857143 0.000000
vt 17.142857 42.857143 0.000000
vt 17.142857 34.285714 0.000000
vt 25.714286 34.285714 0.000000
vt 25.714286 25.714286 0.000000
vt 34.285714 25.714286 0.000000
vt 34.285714 17.142857 0.000000
vt 42.857143 17.142857 0.000000
vt 42.857143 8.571429 0.000000
vt 51.428571 8.571429 0.000000
vt 45.000000 0.000000 0.000000
vt 52.500000 0.000000 0.000000
vt -0.000000 37.500000 0.000000
vt 8.571429 34.285714 0.000000
vt 17.142857 25.714286 0.000000
vt 25.714286 17.142857 0.000000
vt 34.285714 8.571429 0.000000
vt 37.500000 0.000000 0.000000
vt -0.000000 30.000000 0.000000
vt 8.571429 25.714286 0.000000
vt 17.142857 17.142857 0.000000
vt 25.714286 8.571429 0.000000
vt 30.000000 0.000000 0.000000
vt -0.000000 22.500000 0.000000
vt 8.571429 17.142857 0.000000
vt 17.142857 8.571429 0.000000
vt 22.500000 0.000000 0.000000
vt -0.000000 15.000000 0.000000
vt 8.571429 8.571429 0.000000
vt 15.000000 0.000000 0.000000
vt -0.000000 7.500000 0.000000
vt 7.500000 0.000000 0.000000
vt -0.000000 -0.000000 0.000000
vt 60.000000 0.000000 0.000000
vt 60.000000 7.500000 0.000000
vt 60.000000 15.000000 0.000000
vt 51.428571 17.142857 0.000000
vt 42.857143 25.714286 0.000000
vt 34.285714 34.285714 0.000000
vt 25.714286 42.857143 0.000000
vt 60.000000 22.500000 0.000000
vt 51.428571 25.714286 0.000000
vt 42.857143 34.285714 0.000000
vt 34.285714 42.857143 0.000000
vt 60.000000 30.000000 0.000000
vt 51.428571 34.285714 0.000000
vt 42.857143 42.857143 0.000000
vt 60.000000 37.500000 0.000000
vt 51.428571 42.857143 0.000000
vt 60.000000 45.000000 0.000000
vt -0.000000 -0.000000 0.000000
vt 7.500000 0.000000 0.000000
vt -0.000000 0.500000 0.000000
vt 7.500000 0.500000 0.000000
vt 15.000000 0.000000 0.000000
vt 15.000000 0.500000 0.000000
vt 22.500000 0.000000 0.000000
vt 22.500000 0.500000 0.000000
vt 30.000000 0.000000 0.000000
vt 30.000000 0.500000 0.000000
vt 37.500000 0.000000 0.000000
vt 37.500000 0.500000 0.000000
vt 45.000000 0.000000 0.000000
vt 45.000000 0.500000 0.000000
vt 52.500000 0.000000 0.000000
vt 52.500000 0.500000 0.000000
vt 60.000000 -0.000000 0.000000
vt 60.000000 0.500000 0.000000
vt -0.000000 60.000000 0.000000
vt 0.000000 52.500000 0.000000
vt 7.500000 60.000000 0.000000
vt 8.571429 51.428571 0.000000
vt 15.000000 60.000000 0.000000
vt 17.142857 51.428571 0.000000
vt 22.500000 60.000000 0.000000
vt 25.714286 51.428571 0.000000
vt 30.000000 60.000000 0.000000
vt 34.285714 51.428571 0.000000
vt 37.500000 60.000000 0.000000
vt 42.857143 51.428571 0.000000
vt 45.000000 60.000000 0.000000
vt 51.428571 51.428571 0.000000
vt 52.500000 60.000000 0.000000
vt 60.000000 52.500000 0.000000
vt 60.000000 60.000000 0.000000
vt 0.000000 45.000000 0.000000
vt 8.571429 42.857143 0.000000
vt 17.142857 42.857143 0.000000
vt 17.142857 34.285714 0.000000
vt 25.714286 34.285714 0.000000
vt 25.714286 25.714286 0.000000
vt 34.285714 25.714286 0.000000
vt 34.285714 17.142857 0.000000
vt 42.857143 17.142857 0.000000
vt 42.857143 8.571429 0.000000
vt 51.428571 8.571429 0.000000
vt 45.000000 0.000000 0.000000
vt 52.500000 0.000000 0.000000
vt 0.000000 37.500000 0.000000
vt 8.571429 34.285714 0.000000
vt 17.142857 25.714286 0.000000
vt 25.714286 17.142857 0.000000
vt 34.285714 8.571429 0.000000
vt 37.500000 0.000000 0.000000
vt 0.000000 30.000000 0.000000
vt 8.571429 25.714286 0.000000
vt 17.142857 17.142857 0.000000
vt 25.714286 8.571429 0.000000
vt 30.000000 0.000000 0.000000
vt 0.000000 22.500000 0.000000
vt 8.571429 17.142857 0.000000
vt 17.142857 8.571429 0.000000
vt 22.500000 0.000000 0.000000
vt 0.000000 15.000000 0.000000
vt 8.571429 8.571429 0.000000
vt 15.000000 0.000000 0.000000
vt 0.000000 7.500000 0.000000
vt 7.500000 0.000000 0.000000
vt -0.000000 0.000000 0.000000
vt 60.000000 0.000000 0.000000
vt 60.000000 7.500000 0.000000
vt 60.000000 15.000000 0.000000
vt 51.428571 17.142857 0.000000
vt 42.857143 25.714286 0.000000
vt 34.285714 34.285714 0.000000
vt 25.714286 42.857143 0.000000
vt 60.000000 22.500000 0.000000
vt 51.428571 25.714286 0.000000
vt 42.857143 34.285714 0.000000
vt 34.285714 42.857143 0.000000
vt 60.000000 30.000000 0.000000
vt 51.428571 34.285714 0.000000
vt 42.857143 42.857143 0.000000
vt 60.000000 37.500000 0.000000
vt 51.428571 42.857143 0.000000
vt 60.000000 45.000000 0.000000
vt -0.000000 0.000000 0.000000
vt 7.500000 0.000000 0.000000
vt -0.000000 0.500000 0.000000
vt 7.500000 0.500000 0.000000
vt 15.000000 0.000000 0.000000
vt 15.000000 0.500000 0.000000
vt 22.500000 0.000000 0.000000
vt 22.500000 0.500000 0.000000
vt 30.000000 0.000000 0.000000
vt 30.000000 0.500000 0.000000
vt 37.500000 0.000000 0.000000
vt 37.500000 0.500000 0.000000
vt 45.000000 0.000000 0.000000
vt 45.000000 0.500000 0.000000
vt 52.500000 0.000000 0.000000
vt 52.500000 0.500000 0.000000
vt 60.000000 0.000000 0.000000
vt 60.000000 0.500000 0.000000
vn 0.000000 0.000000 0.100000
vn 0.000000 0.000000 0.100000
vn 0.000000 0.000000 0.100000
vn 0.000000 0.000000 0.100000
vn 0.000000 0.000000 0.100000
vn 0.000000 0.000000 0.100000
vn 0.000000 0.000000 0.100000
vn 0.000000 0.000000 0.100000
vn 0.000000 0.000000 0.100000
vn 0.000000 0.000000 0.100000
vn 0.000000 0.000000 0.100000
vn 0.000000 0.000000 0.100000
vn 0.000000 0.000000 0.100000
vn 0.000000 0.000000 0.100000
vn 0.000000 0.000000 0.100000
vn 0.000000 0.000000 0.100000
vn 0.000000 0.000000 0.100000
vn 0.000000 0.000000 0.100000
vn 0.000000 0.000000 -0.100000
vn 0.000000 0.000000 -0.100000
vn 0.000000 0.000000 -0.100000
vn 0.000000 0.000000 -0.100000
vn 0.000000 0.000000 -0.100000
vn 0.000000 0.000000 -0.100000
vn 0.000000 0.000000 -0.100000
vn 0.000000 0.000000 -0.100000
vn 0.000000 0.000000 -0.100000
vn 0.000000 0.000000 -0.100000
vn 0.000000 0.000000 -0.100000
vn 0.000000 0.000000 -0.100000
vn 0.000000 0.000000 -0.100000
vn 0.000000 0.000000 -0.100000
vn 0.000000 0.000000 -0.100000
vn 0.000000 0.000000 -0.100000
vn 0.000000 0.000000 -0.100000
vn 0.000000 0.000000 -0.100000
vn -0.100000 0.000000 0.000000
vn -0.100000 0.000000 0.000000
vn -0.100000 0.000000 0.000000
vn -0.100000 0.000000 0.000000
vn -0.100000 0.000000 0.000000
vn -0.100000 0.000000 0.000000
vn -0.100000 0.000000 0.000000
vn -0.100000 0.000000 0.000000
vn -0.100000 0.000000 0.000000
vn -0.100000 0.000000 0.000000
vn -0.100000 0.000000 0.000000
vn -0.100000 0.000000 0.000000
vn -0.100000 0.000000 0.000000
vn -0.100000 0.000000 0.000000
vn -0.100000 0.000000 0.000000
vn -0.100000 0.000000 0.000000
vn -0.100000 0.000000 0.000000
vn -0.100000 0.000000 0.000000
vn -0.100000 0.000000 0.000000
vn -0.100000 0.000000 0.000000
vn -0.100000 0.000000 0.000000
vn -0.100000 0.000000 0.000000
vn -0.100000 0.000000 0.000000
vn -0.100000 0.000000 0.000000
vn -0.100000 0.000000 0.000000
vn -0.100000 0.000000 0.000000
vn -0.100000 0.000000 0.000000
vn -0.100000 0.000000 0.000000
vn -0.100000 0.000000 0.000000
vn -0.100000 0.000000 0.000000
vn -0.100000 0.000000 0.000000
vn -0.100000 0.000000 0.000000
vn -0.100000 0.000000 0.000000
vn -0.100000 0.000000 0.000000
vn -0.100000 0.000000 0.000000
vn -0.100000 0.000000 0.000000
vn -0.100000 0.000000 0.000000
vn -0.100000 0.000000 0.000000
vn -0.100000 0.000000 0.000000
vn -0.100000 0.000000 0.000000
vn -0.100000 0.000000 0.000000
vn -0.100000 0.000000 0.000000
vn -0.100000 0.000000 0.000000
vn -0.100000 0.000000 0.000000
vn -0.100000 0.000000 0.000000
vn -0.100000 0.000000 0.000000
vn -0.100000 0.000000 0.000000
vn -0.100000 0.000000 0.000000
vn -0.100000 0.000000 0.000000
vn -0.100000 0.000000 0.000000
vn -0.100000 0.000000 0.000000
vn -0.100000 0.000000 0.000000
vn -0.100000 0.000000 0.000000
vn -0.100000 0.000000 0.000000
vn -0.100000 0.000000 0.000000
vn -0.100000 0.000000 0.000000
vn -0.100000 0.000000 0.000000
vn -0.100000 0.000000 0.000000
vn -0.100000 0.000000 0.000000
vn -0.100000 0.000000 0.000000
vn -0.100000 0.000000 0.000000
vn -0.100000 0.000000 0.000000
vn -0.100000 0.000000 0.000000
vn -0.100000 0.000000 0.000000
vn -0.100000 0.000000 0.000000
vn -0.100000 0.000000 0.000000
vn -0.100000 0.000000 0.000000
vn -0.100000 0.000000 0.000000
vn -0.000000 -0.100000 0.000000
vn -0.000000 -0.100000 0.000000
vn -0.000000 -0.100000 0.000000
vn -0.000000 -0.100000 0.000000
vn -0.000000 -0.100000 0.000000
vn -0.000000 -0.100000 0.000000
vn -0.000000 -0.100000 0.000000
vn -0.000000 -0.100000 0.000000
vn -0.000000 -0.100000 0.000000
vn -0.000000 -0.100000 0.000000
vn -0.000000 -0.100000 0.000000
vn -0.000000 -0.100000 0.000000
vn -0.000000 -0.100000 0.000000
vn -0.000000 -0.100000 0.000000
vn -0.000000 -0.100000 0.000000
vn -0.000000 -0.100000 0.000000
vn -0.000000 -0.100000 0.000000
vn -0.000000 -0.100000 0.000000
vn 0.100000 -0.000000 0.000000
vn 0.100000 -0.000000 0.000000
vn 0.100000 -0.000000 0.000000
vn 0.100000 -0.000000 0.000000
vn 0.100000 -0.000000 0.000000
vn 0.100000 -0.000000 0.000000
vn 0.100000 -0.000000 0.000000
vn 0.100000 -0.000000 0.000000
vn 0.100000 -0.000000 0.000000
vn 0.100000 -0.000000 0.000000
vn 0.100000 -0.000000 0.000000
vn 0.100000 -0.000000 0.000000
vn 0.100000 -0.000000 0.000000
vn 0.100000 -0.000000 0.000000
vn 0.100000 -0.000000 0.000000
vn 0.100000 -0.000000 0.000000
vn 0.100000 -0.000000 0.000000
vn 0.100000 -0.000000 0.000000
vn 0.100000 -0.000000 0.000000
vn 0.100000 -0.000000 0.000000
vn 0.100000 -0.000000 0.000000
vn 0.100000 -0.000000 0.000000
vn 0.100000 -0.000000 0.000000
vn 0.100000 -0.000000 0.000000
vn 0.100000 -0.000000 0.000000
vn 0.100000 -0.000000 0.000000
vn 0.100000 -0.000000 0.000000
vn 0.100000 -0.000000 0.000000
vn 0.100000 -0.000000 0.000000
vn 0.100000 -0.000000 0.000000
vn 0.100000 -0.000000 0.000000
vn 0.100000 -0.000000 0.000000
vn 0.100000 -0.000000 0.000000
vn 0.100000 -0.000000 0.000000
vn 0.100000 -0.000000 0.000000
vn 0.100000 -0.000000 0.000000
vn 0.100000 -0.000000 0.000000
vn 0.100000 -0.000000 0.000000
vn 0.100000 -0.000000 0.000000
vn 0.100000 -0.000000 0.000000
vn 0.100000 -0.000000 0.000000
vn 0.100000 -0.000000 0.000000
vn 0.100000 -0.000000 0.000000
vn 0.100000 -0.000000 0.000000
vn 0.100000 -0.000000 0.000000
vn 0.100000 -0.000000 0.000000
vn 0.100000 -0.000000 0.000000
vn 0.100000 -0.000000 0.000000
vn 0.100000 -0.000000 0.000000
vn 0.100000 -0.000000 0.000000
vn 0.100000 -0.000000 0.000000
vn 0.100000 -0.000000 0.000000
vn 0.100000 -0.000000 0.000000
vn 0.100000 -0.000000 0.000000
vn 0.100000 -0.000000 0.000000
vn 0.100000 -0.000000 0.000000
vn 0.100000 -0.000000 0.000000
vn 0.100000 -0.000000 0.000000
vn 0.100000 -0.000000 0.000000
vn 0.100000 -0.000000 0.000000
vn 0.100000 -0.000000 0.000000
vn 0.100000 -0.000000 0.000000
vn 0.100000 -0.000000 0.000000
vn 0.100000 -0.000000 0.000000
vn 0.100000 -0.000000 0.000000
vn 0.100000 -0.000000 0.000000
vn 0.100000 -0.000000 0.000000
vn 0.100000 -0.000000 0.000000
vn 0.000000 0.100000 0.000000
vn 0.000000 0.100000 0.000000
vn 0.000000 0.100000 0.000000
vn 0.000000 0.100000 0.000000
vn 0.000000 0.100000 0.000000
vn 0.000000 0.100000 0.000000
vn 0.000000 0.100000 0.000000
vn 0.000000 0.100000 0.000000
vn 0.000000 0.100000 0.000000
vn 0.000000 0.100000 0.000000
vn 0.000000 0.100000 0.000000
vn 0.000000 0.100000 0.000000
vn 0.000000 0.100000 0.000000
vn 0.000000 0.100000 0.000000
vn 0.000000 0.100000 0.000000
vn 0.000000 0.100000 0.000000
vn 0.000000 0.100000 0.000000
vn 0.000000 0.100000 0.000000
usemtl QR_box_Sides(2)
f 137/209/209 138/210/210 154/211/211
f 154/211/211 138/210/210 153/212/212
f 153/212/212 138/210/210 139/213/213
f 153/212/212 139/213/213 152/214/214
f 152/214/214 139/213/213 140/215/215
f 152/214/214 140/215/215 151/216/216
f 151/216/216 140/215/215 141/217/217
f 151/216/216 141/217/217 150/218/218
f 150/218/218 141/217/217 142/219/219
f 150/218/218 142/219/219 149/220/220
f 149/220/220 142/219/219 143/221/221
f 149/220/220 143/221/221 148/222/222
f 148/222/222 143/221/221 144/223/223
f 148/222/222 144/223/223 147/224/224
f 147/224/224 144/223/223 145/225/225
f 147/224/224 145/225/225 146/226/226
f 156/227/227 157/228/228 155/229/229
f 155/229/229 157/228/228 172/230/230
f 172/230/230 157/228/228 158/231/231
f 172/230/230 158/231/231 171/232/232
f 171/232/232 158/231/231 159/233/233
f 171/232/232 159/233/233 170/234/234
f 170/234/234 159/233/233 160/235/235
f 170/234/234 160/235/235 169/236/236
f 169/236/236 160/235/235 161/237/237
f 169/236/236 161/237/237 168/238/238
f 168/238/238 161/237/237 162/239/239
f 168/238/238 162/239/239 167/240/240
f 167/240/240 162/239/239 163/241/241
f 167/240/240 163/241/241 166/242/242
f 166/242/242 163/241/241 164/243/243
f 166/242/242 164/243/243 165/244/244
f 145/245/245 144/246/246 186/247/247
f 186/247/247 144/246/246 187/248/248
f 186/247/247 187/248/248 185/249/249
f 185/249/249 187/248/248 188/250/250
f 185/249/249 188/250/250 184/251/251
f 184/251/251 188/250/250 189/252/252
f 184/251/251 189/252/252 183/253/253
f 183/253/253 189/252/252 190/254/254
f 183/253/253 190/254/254 182/255/255
f 182/255/255 190/254/254 191/256/256
f 182/255/255 191/256/256 181/257/257
f 181/257/257 191/256/256 192/258/258
f 181/257/257 192/258/258 180/259/259
f 180/259/259 192/258/258 166/260/260
f 180/259/259 166/260/260 165/261/261
f 144/246/246 143/262/262 187/248/248
f 187/248/248 143/262/262 193/263/263
f 187/248/248 193/263/263 194/264/264
f 194/264/264 193/263/263 200/265/265
f 194/264/264 200/265/265 201/266/266
f 201/266/266 200/265/265 207/267/267
f 201/266/266 207/267/267 208/268/268
f 208/268/268 207/267/267 214/269/269
f 208/268/268 214/269/269 215/270/270
f 215/270/270 214/269/269 221/271/271
f 215/270/270 221/271/271 222/272/272
f 222/272/272 221/271/271 178/273/273
f 222/272/272 178/273/273 179/274/274
f 143/262/262 142/275/275 193/263/263
f 193/263/263 142/275/275 199/276/276
f 193/263/263 199/276/276 200/265/265
f 200/265/265 199/276/276 206/277/277
f 200/265/265 206/277/277 207/267/267
f 207/267/267 206/277/277 213/278/278
f 207/267/267 213/278/278 214/269/269
f 214/269/269 213/278/278 220/279/279
f 214/269/269 220/279/279 221/271/271
f 221/271/271 220/279/279 177/280/280
f 221/271/271 177/280/280 178/273/273
f 142/275/275 141/281/281 199/276/276
f 199/276/276 141/281/281 205/282/282
f 199/276/276 205/282/282 206/277/277
f 206/277/277 205/282/282 212/283/283
f 206/277/277 212/283/283 213/278/278
f 213/278/278 212/283/283 219/284/284
f 213/278/278 219/284/284 220/279/279
f 220/279/279 219/284/284 176/285/285
f 220/279/279 176/285/285 177/280/280
f 141/281/281 140/286/286 205/282/282
f 205/282/282 140/286/286 211/287/287
f 205/282/282 211/287/287 212/283/283
f 212/283/283 211/287/287 218/288/288
f 212/283/283 218/288/288 219/284/284
f 219/284/284 218/288/288 175/289/289
f 219/284/284 175/289/289 176/285/285
f 140/286/286 139/290/290 211/287/287
f 211/287/287 139/290/290 217/291/291
f 211/287/287 217/291/291 218/288/288
f 218/288/288 217/291/291 174/292/292
f 218/288/288 174/292/292 175/289/289
f 139/290/290 138/293/293 217/291/291
f 217/291/291 138/293/293 173/294/294
f 217/291/291 173/294/294 174/292/292
f 138/293/293 137/295/295 173/294/294
f 155/296/296 172/297/297 179/274/274
f 179/274/274 172/297/297 222/272/272
f 172/297/297 171/298/298 222/272/272
f 222/272/272 171/298/298 216/299/299
f 222/272/272 216/299/299 215/270/270
f 215/270/270 216/299/299 209/300/300
f 215/270/270 209/300/300 208/268/268
f 208/268/268 209/300/300 202/301/301
f 208/268/268 202/301/301 201/266/266
f 201/266/266 202/301/301 195/302/302
f 201/266/266 195/302/302 194/264/264
f 194/264/264 195/302/302 188/250/250
f 194/264/264 188/250/250 187/248/248
f 171/298/298 170/303/303 216/299/299
f 216/299/299 170/303/303 210/304/304
f 216/299/299 210/304/304 209/300/300
f 209/300/300 210/304/304 203/305/305
f 209/300/300 203/305/305 202/301/301
f 202/301/301 203/305/305 196/306/306
f 202/301/301 196/306/306 195/302/302
f 195/302/302 196/306/306 189/252/252
f 195/302/302 189/252/252 188/250/250
f 170/303/303 169/307/307 210/304/304
f 210/304/304 169/307/307 204/308/308
f 210/304/304 204/308/308 203/305/305
f 203/305/305 204/308/308 197/309/309
f 203/305/305 197/309/309 196/306/306
f 196/306/306 197/309/309 190/254/254
f 196/306/306 190/254/254 189/252/252
f 169/307/307 168/310/310 204/308/308
f 204/308/308 168/310/310 198/311/311
f 204/308/308 198/311/311 197/309/309
f 197/309/309 198/311/311 191/256/256
f 197/309/309 191/256/256 190/254/254
f 168/310/310 167/312/312 198/311/311
f 198/311/311 167/312/312 192/258/258
f 198/311/311 192/258/258 191/256/256
f 167/312/312 166/260/260 192/258/258
f 145/313/313 186/314/314 146/315/315
f 146/315/315 186/314/314 229/316/316
f 229/316/316 186/314/314 185/317/317
f 229/316/316 185/317/317 228/318/318
f 228/318/318 185/317/317 184/319/319
f 228/318/318 184/319/319 227/320/320
f 227/320/320 184/319/319 183/321/321
f 227/320/320 183/321/321 226/322/322
f 226/322/322 183/321/321 182/323/323
f 226/322/322 182/323/323 225/324/324
f 225/324/324 182/323/323 181/325/325
f 225/324/324 181/325/325 224/326/326
f 224/326/326 181/325/325 180/327/327
f 224/326/326 180/327/327 223/328/328
f 223/328/328 180/327/327 165/329/329
f 223/328/328 165/329/329 164/330/330
usemtl QR_box_connection
f 154/331/331 153/332/332 236/333/333
f 236/333/333 153/332/332 237/334/334
f 236/333/333 237/334/334 235/335/335
f 235/335/335 237/334/334 238/336/336
f 235/335/335 238/336/336 234/337/337
f 234/337/337 238/336/336 239/338/338
f 234/337/337 239/338/338 233/339/339
f 233/339/339 239/338/338 240/340/340
f 233/339/339 240/340/340 232/341/341
f 232/341/341 240/340/340 241/342/342
f 232/341/341 241/342/342 231/343/343
f 231/343/343 241/342/342 242/344/344
f 231/343/343 242/344/344 230/345/345
f 230/345/345 242/344/344 157/346/346
f 230/345/345 157/346/346 156/347/347
f 153/332/332 152/348/348 237/334/334
f 237/334/334 152/348/348 243/349/349
f 237/334/334 243/349/349 244/350/350
f 244/350/350 243/349/349 250/351/351
f 244/350/350 250/351/351 251/352/352
f 251/352/352 250/351/351 257/353/353
f 251/352/352 257/353/353 258/354/354
f 258/354/354 257/353/353 264/355/355
f 258/354/354 264/355/355 265/356/356
f 265/356/356 264/355/355 271/357/357
f 265/356/356 271/357/357 272/358/358
f 272/358/358 271/357/357 224/359/359
f 272/358/358 224/359/359 223/360/360
f 152/348/348 151/361/361 243/349/349
f 243/349/349 151/361/361 249/362/362
f 243/349/349 249/362/362 250/351/351
f 250/351/351 249/362/362 256/363/363
f 250/351/351 256/363/363 257/353/353
f 257/353/353 256/363/363 263/364/364
f 257/353/353 263/364/364 264/355/355
f 264/355/355 263/364/364 270/365/365
f 264/355/355 270/365/365 271/357/357
f 271/357/357 270/365/365 225/366/366
f 271/357/357 225/366/366 224/359/359
f 151/361/361 150/367/367 249/362/362
f 249/362/362 150/367/367 255/368/368
f 249/362/362 255/368/368 256/363/363
f 256/363/363 255/368/368 262/369/369
f 256/363/363 262/369/369 263/364/364
f 263/364/364 262/369/369 269/370/370
f 263/364/364 269/370/370 270/365/365
f 270/365/365 269/370/370 226/371/371
f 270/365/365 226/371/371 225/366/366
f 150/367/367 149/372/372 255/368/368
f 255/368/368 149/372/372 261/373/373
f 255/368/368 261/373/373 262/369/369
f 262/369/369 261/373/373 268/374/374
f 262/369/369 268/374/374 269/370/370
f 269/370/370 268/374/374 227/375/375
f 269/370/370 227/375/375 226/371/371
f 149/372/372 148/376/376 261/373/373
f 261/373/373 148/376/376 267/377/377
f 261/373/373 267/377/377 268/374/374
f 268/374/374 267/377/377 228/378/378
f 268/374/374 228/378/378 227/375/375
f 148/376/376 147/379/379 267/377/377
f 267/377/377 147/379/379 229/380/380
f 267/377/377 229/380/380 228/378/378
f 147/379/379 146/381/381 229/380/380
f 164/382/382 163/383/383 223/360/360
f 223/360/360 163/383/383 272/358/358
f 163/383/383 162/384/384 272/358/358
f 272/358/358 162/384/384 266/385/385
f 272/358/358 266/385/385 265/356/356
f 265/356/356 266/385/385 259/386/386
f 265/356/356 259/386/386 258/354/354
f 258/354/354 259/386/386 252/387/387
f 258/354/354 252/387/387 251/352/352
f 251/352/352 252/387/387 245/388/388
f 251/352/352 245/388/388 244/350/350
f 244/350/350 245/388/388 238/336/336
f 244/350/350 238/336/336 237/334/334
f 162/384/384 161/389/389 266/385/385
f 266/385/385 161/389/389 260/390/390
f 266/385/385 260/390/390 259/386/386
f 259/386/386 260/390/390 253/391/391
f 259/386/386 253/391/391 252/387/387
f 252/387/387 253/391/391 246/392/392
f 252/387/387 246/392/392 245/388/388
f 245/388/388 246/392/392 239/338/338
f 245/388/388 239/338/338 238/336/336
f 161/389/389 160/393/393 260/390/390
f 260/390/390 160/393/393 254/394/394
f 260/390/390 254/394/394 253/391/391
f 253/391/391 254/394/394 247/395/395
f 253/391/391 247/395/395 246/392/392
f 246/392/392 247/395/395 240/340/340
f 246/392/392 240/340/340 239/338/338
f 160/393/393 159/396/396 254/394/394
f 254/394/394 159/396/396 248/397/397
f 254/394/394 248/397/397 247/395/395
f 247/395/395 248/397/397 241/342/342
f 247/395/395 241/342/342 240/340/340
f 159/396/396 158/398/398 248/397/397
f 248/397/397 158/398/398 242/344/344
f 248/397/397 242/344/344 241/342/342
f 158/398/398 157/346/346 242/344/344
usemtl QR_box_Sides(2)
f 154/399/399 236/400/400 137/401/401
f 137/401/401 236/400/400 173/402/402
f 173/402/402 236/400/400 235/403/403
f 173/402/402 235/403/403 174/404/404
f 174/404/404 235/403/403 234/405/405
f 174/404/404 234/405/405 175/406/406
f 175/406/406 234/405/405 233/407/407
f 175/406/406 233/407/407 176/408/408
f 176/408/408 233/407/407 232/409/409
f 176/408/408 232/409/409 177/410/410
f 177/410/410 232/409/409 231/411/411
f 177/410/410 231/411/411 178/412/412
f 178/412/412 231/411/411 230/413/413
f 178/412/412 230/413/413 179/414/414
f 179/414/414 230/413/413 156/415/415
f 179/414/414 156/415/415 155/416/416
g Extrusion:2

v -5.000000 -5.000000 600.000000
v -5.000000 15.000000 600.000000
v -7.000000 15.000000 600.000000
v -7.000000 -7.000000 600.000000
v 15.000000 -7.000000 600.000000
v 15.000000 -5.000000 600.000000
v -5.000000 -5.000000 0.000000
v 15.000000 -5.000000 0.000000
v 15.000000 -7.000000 0.000000
v -7.000000 -7.000000 0.000000
v -7.000000 15.000000 0.000000
v -5.000000 15.000000 0.000000
v -5.000000 -5.000000 540.000000
v -5.000000 -5.000000 480.000000
v -5.000000 -5.000000 420.000000
v -5.000000 -5.000000 360.000000
v -5.000000 -5.000000 300.000000
v -5.000000 -5.000000 240.000000
v -5.000000 -5.000000 180.000000
v -5.000000 -5.000000 120.000000
v -5.000000 -5.000000 60.000000
v -5.000000 15.000000 60.000000
v -5.000000 15.000000 120.000000
v -5.000000 15.000000 180.000000
v -5.000000 15.000000 240.000000
v -5.000000 15.000000 300.000000
v -5.000000 15.000000 360.000000
v -5.000000 15.000000 420.000000
v -5.000000 15.000000 480.000000
v -5.000000 15.000000 540.000000
v -7.000000 15.000000 60.000000
v -7.000000 15.000000 120.000000
v -7.000000 15.000000 180.000000
v -7.000000 15.000000 240.000000
v -7.000000 15.000000 300.000000
v -7.000000 15.000000 360.000000
v -7.000000 15.000000 420.000000
v -7.000000 15.000000 480.000000
v -7.000000 15.000000 540.000000
v -7.000000 -7.000000 60.000000
v -7.000000 -7.000000 120.000000
v -7.000000 -7.000000 180.000000
v -7.000000 -7.000000 240.000000
v -7.000000 -7.000000 300.000000
v -7.000000 -7.000000 360.000000
v -7.000000 -7.000000 420.000000
v -7.000000 -7.000000 480.000000
v -7.000000 -7.000000 540.000000
v 15.000000 -7.000000 60.000000
v 15.000000 -7.000000 120.000000
v 15.000000 -7.000000 180.000000
v 15.000000 -7.000000 240.000000
v 15.000000 -7.000000 300.000000
v 15.000000 -7.000000 360.000000
v 15.000000 -7.000000 420.000000
v 15.000000 -7.000000 480.000000
v 15.000000 -7.000000 540.000000
v 15.000000 -5.000000 60.000000
v 15.000000 -5.000000 120.000000
v 15.000000 -5.000000 180.000000
v 15.000000 -5.000000 240.000000
v 15.000000 -5.000000 300.000000
v 15.000000 -5.000000 360.000000
v 15.000000 -5.000000 420.000000
v 15.000000 -5.000000 480.000000
v 15.000000 -5.000000 540.000000
vt -1.000000 0.000000 0.000000
vt -1.000000 0.200000 0.000000
vt -3.000000 0.000000 0.000000
vt -3.200000 0.200000 0.000000
vt -3.200000 -2.000000 0.000000
vt -3.000000 -2.000000 0.000000
vt 3.000000 -2.000000 0.000000
vt 3.200000 -2.000000 0.000000
vt 3.000000 0.000000 0.000000
vt 3.200000 0.200000 0.000000
vt 1.000000 0.200000 0.000000
vt 1.000000 0.000000 0.000000
vt -0.000000 0.000000 0.000000
vt 6.000000 0.000000 0.000000
vt -0.000000 2.000000 0.000000
vt 6.000000 2.000000 0.000000
vt 12.000000 0.000000 0.000000
vt 12.000000 2.000000 0.000000
vt 18.000000 0.000000 0.000000
vt 18.000000 2.000000 0.000000
vt 24.000000 0.000000 0.000000
vt 24.000000 2.000000 0.000000
vt 30.000000 0.000000 0.000000
vt 30.000000 2.000000 0.000000
vt 36.000000 0.000000 0.000000
vt 36.000000 2.000000 0.000000
vt 42.000000 0.000000 0.000000
vt 42.000000 2.000000 0.000000
vt 48.000000 0.000000 0.000000
vt 48.000000 2.000000 0.000000
vt 54.000000 0.000000 0.000000
vt 54.000000 2.000000 0.000000
vt 60.000000 0.000000 0.000000
vt 60.000000 2.000000 0.000000
vt -0.000000 0.000000 0.000000
vt 6.000000 0.000000 0.000000
vt -0.000000 0.200000 0.000000
vt 6.000000 0.200000 0.000000
vt 12.000000 0.000000 0.000000
vt 12.000000 0.200000 0.000000
vt 18.000000 0.000000 0.000000
vt 18.000000 0.200000 0.000000
vt 24.000000 0.000000 0.000000
vt 24.000000 0.200000 0.000000
vt 30.000000 0.000000 0.000000
vt 30.000000 0.200000 0.000000
vt 36.000000 0.000000 0.000000
vt 36.000000 0.200000 0.000000
vt 42.000000 0.000000 0.000000
vt 42.000000 0.200000 0.000000
vt 48.000000 0.000000 0.000000
vt 48.000000 0.200000 0.000000
vt 54.000000 0.000000 0.000000
vt 54.000000 0.200000 0.000000
vt 60.000000 0.000000 0.000000
vt 60.000000 0.200000 0.000000
vt -0.000000 0.000000 0.000000
vt 6.000000 0.000000 0.000000
vt -0.000000 2.200000 0.000000
vt 6.000000 2.200000 0.000000
vt 12.000000 0.000000 0.000000
vt 12.000000 2.200000 0.000000
vt 18.000000 0.000000 0.000000
vt 18.000000 2.200000 0.000000
vt 24.000000 0.000000 0.000000
vt 24.000000 2.200000 0.000000
vt 30.000000 0.000000 0.000000
vt 30.000000 2.200000 0.000000
vt 36.000000 0.000000 0.000000
vt 36.000000 2.200000 0.000000
vt 42.000000 0.000000 0.000000
vt 42.000000 2.200000 0.000000
vt 48.000000 0.000000 0.000000
vt 48.000000 2.200000 0.000000
vt 54.000000 0.000000 0.000000
vt 54.000000 2.200000 0.000000
vt 60.000000 0.000000 0.000000
vt 60.000000 2.200000 0.000000
vt -0.000000 0.000000 0.000000
vt 6.000000 0.000000 0.000000
vt -0.000000 2.200000 0.000000
vt 6.000000 2.200000 0.000000
vt 12.000000 0.000000 0.000000
vt 12.000000 2.200000 0.000000
vt 18.000000 0.000000 0.000000
vt 18.000000 2.200000 0.000000
vt 24.000000 0.000000 0.000000
vt 24.000000 2.200000 0.000000
vt 30.000000 0.000000 0.000000
vt 30.000000 2.200000 0.000000
vt 36.000000 0.000000 0.000000
vt 36.000000 2.200000 0.000000
vt 42.000000 0.000000 0.000000
vt 42.000000 2.200000 0.000000
vt 48.000000 0.000000 0.000000
vt 48.000000 2.200000 0.000000
vt 54.000000 0.000000 0.000000
vt 54.000000 2.200000 0.000000
vt 60.000000 0.000000 0.000000
vt 60.000000 2.200000 0.000000
vt -0.000000 0.000000 0.000000
vt 6.000000 0.000000 0.000000
vt -0.000000 0.200000 0.000000
vt 6.000000 0.200000 0.000000
vt 12.000000 0.000000 0.000000
vt 12.000000 0.200000 0.000000
vt 18.000000 0.000000 0.000000
vt 18.000000 0.200000 0.000000
vt 24.000000 0.000000 0.000000
vt 24.000000 0.200000 0.000000
vt 30.000000 0.000000 0.000000
vt 30.000000 0.200000 0.000000
vt 36.000000 0.000000 0.000000
vt 36.000000 0.200000 0.000000
vt 42.000000 0.000000 0.000000
vt 42.000000 0.200000 0.000000
vt 48.000000 0.000000 0.000000
vt 48.000000 0.200000 0.000000
vt 54.000000 0.000000 0.000000
vt 54.000000 0.200000 0.000000
vt 60.000000 0.000000 0.000000
vt 60.000000 0.200000 0.000000
vt -0.000000 0.000000 0.000000
vt 6.000000 0.000000 0.000000
vt -0.000000 2.000000 0.000000
vt 6.000000 2.000000 0.000000
vt 12.000000 0.000000 0.000000
vt 12.000000 2.000000 0.000000
vt 18.000000 0.000000 0.000000
vt 18.000000 2.000000 0.000000
vt 24.000000 0.000000 0.000000
vt 24.000000 2.000000 0.000000
vt 30.000000 0.000000 0.000000
vt 30.000000 2.000000 0.000000
vt 36.000000 0.000000 0.000000
vt 36.000000 2.000000 0.000000
vt 42.000000 0.000000 0.000000
vt 42.000000 2.000000 0.000000
vt 48.000000 0.000000 0.000000
vt 48.000000 2.000000 0.000000
vt 54.000000 0.000000 0.000000
vt 54.000000 2.000000 0.000000
vt 60.000000 0.000000 0.000000
vt 60.000000 2.000000 0.000000
vn 0.000000 -0.000000 0.100000
vn 0.000000 -0.000000 0.100000
vn 0.000000 -0.000000 0.100000
vn 0.000000 -0.000000 0.100000
vn 0.000000 -0.000000 0.100000
vn 0.000000 -0.000000 0.100000
vn 0.000000 0.000000 -0.100000
vn 0.000000 0.000000 -0.100000
vn 0.000000 0.000000 -0.100000
vn 0.000000 0.000000 -0.100000
vn 0.000000 0.000000 -0.100000
vn 0.000000 0.000000 -0.100000
vn 0.100000 -0.000000 0.000000
vn 0.100000 -0.000000 0.000000
vn 0.100000 -0.000000 0.000000
vn 0.100000 -0.000000 0.000000
vn 0.100000 -0.000000 0.000000
vn 0.100000 -0.000000 0.000000
vn 0.100000 -0.000000 0.000000
vn 0.100000 -0.000000 0.000000
vn 0.100000 -0.000000 0.000000
vn 0.100000 -0.000000 0.000000
vn 0.100000 -0.000000 0.000000
vn 0.100000 -0.000000 0.000000
vn 0.100000 -0.000000 0.000000
vn 0.100000 -0.000000 0.000000
vn 0.100000 -0.000000 0.000000
vn 0.100000 -0.000000 0.000000
vn 0.100000 -0.000000 0.000000
vn 0.100000 -0.000000 0.000000
vn 0.100000 -0.000000 0.000000
vn 0.100000 -0.000000 0.000000
vn 0.100000 -0.000000 0.000000
vn 0.100000 -0.000000 0.000000
vn 0.000000 0.100000 0.000000
vn 0.000000 0.100000 0.000000
vn 0.000000 0.100000 0.000000
vn 0.000000 0.100000 0.000000
vn 0.000000 0.100000 0.000000
vn 0.000000 0.100000 0.000000
vn 0.000000 0.100000 0.000000
vn 0.000000 0.100000 0.000000
vn 0.000000 0.100000 0.000000
vn 0.000000 0.100000 0.000000
vn 0.000000 0.100000 0.000000
vn 0.000000 0.100000 0.000000
vn 0.000000 0.100000 0.000000
vn 0.000000 0.100000 0.000000
vn 0.000000 0.100000 0.000000
vn 0.000000 0.100000 0.000000
vn 0.000000 0.100000 0.000000
vn 0.000000 0.100000 0.000000
vn 0.000000 0.100000 0.000000
vn 0.000000 0.100000 0.000000
vn 0.000000 0.100000 0.000000
vn 0.000000 0.100000 0.000000
vn -0.100000 -0.000000 0.000000
vn -0.100000 -0.000000 0.000000
vn -0.100000 -0.000000 0.000000
vn -0.100000 -0.000000 0.000000
vn -0.100000 -0.000000 0.000000
vn -0.100000 -0.000000 0.000000
vn -0.100000 -0.000000 0.000000
vn -0.100000 -0.000000 0.000000
vn -0.100000 -0.000000 0.000000
vn -0.100000 -0.000000 0.000000
vn -0.100000 -0.000000 0.000000
vn -0.100000 -0.000000 0.000000
vn -0.100000 -0.000000 0.000000
vn -0.100000 -0.000000 0.000000
vn -0.100000 -0.000000 0.000000
vn -0.100000 -0.000000 0.000000
vn -0.100000 -0.000000 0.000000
vn -0.100000 -0.000000 0.000000
vn -0.100000 -0.000000 0.000000
vn -0.100000 -0.000000 0.000000
vn -0.100000 -0.000000 0.000000
vn -0.100000 -0.000000 0.000000
vn 0.000000 -0.100000 0.000000
vn 0.000000 -0.100000 0.000000
vn 0.000000 -0.100000 0.000000
vn 0.000000 -0.100000 0.000000
vn 0.000000 -0.100000 0.000000
vn 0.000000 -0.100000 0.000000
vn 0.000000 -0.100000 0.000000
vn 0.000000 -0.100000 0.000000
vn 0.000000 -0.100000 0.000000
vn 0.000000 -0.100000 0.000000
vn 0.000000 -0.100000 0.000000
vn 0.000000 -0.100000 0.000000
vn 0.000000 -0.100000 0.000000
vn 0.000000 -0.100000 0.000000
vn 0.000000 -0.100000 0.000000
vn 0.000000 -0.100000 0.000000
vn 0.000000 -0.100000 0.000000
vn 0.000000 -0.100000 0.000000
vn 0.000000 -0.100000 0.000000
vn 0.000000 -0.100000 0.000000
vn 0.000000 -0.100000 0.000000
vn 0.000000 -0.100000 0.000000
vn 0.100000 -0.000000 0.000000
vn 0.100000 -0.000000 0.000000
vn 0.100000 -0.000000 0.000000
vn 0.100000 -0.000000 0.000000
vn 0.100000 -0.000000 0.000000
vn 0.100000 -0.000000 0.000000
vn 0.100000 -0.000000 0.000000
vn 0.100000 -0.000000 0.000000
vn 0.100000 -0.000000 0.000000
vn 0.100000 -0.000000 0.000000
vn 0.100000 -0.000000 0.000000
vn 0.100000 -0.000000 0.000000
vn 0.100000 -0.000000 0.000000
vn 0.100000 -0.000000 0.000000
vn 0.100000 -0.000000 0.000000
vn 0.100000 -0.000000 0.000000
vn 0.100000 -0.000000 0.000000
vn 0.100000 -0.000000 0.000000
vn 0.100000 -0.000000 0.000000
vn 0.100000 -0.000000 0.000000
vn 0.100000 -0.000000 0.000000
vn 0.100000 -0.000000 0.000000
vn 0.000000 0.100000 0.000000
vn 0.000000 0.100000 0.000000
vn 0.000000 0.100000 0.000000
vn 0.000000 0.100000 0.000000
vn 0.000000 0.100000 0.000000
vn 0.000000 0.100000 0.000000
vn 0.000000 0.100000 0.000000
vn 0.000000 0.100000 0.000000
vn 0.000000 0.100000 0.000000
vn 0.000000 0.100000 0.000000
vn 0.000000 0.100000 0.000000
vn 0.000000 0.100000 0.000000
vn 0.000000 0.100000 0.000000
vn 0.000000 0.100000 0.000000
vn 0.000000 0.100000 0.000000
vn 0.000000 0.100000 0.000000
vn 0.000000 0.100000 0.000000
vn 0.000000 0.100000 0.000000
vn 0.000000 0.100000 0.000000
vn 0.000000 0.100000 0.000000
vn 0.000000 0.100000 0.000000
vn 0.000000 0.100000 0.000000
usemtl QR_box_connection
f 274/417/417 275/418/418 273/419/419
f 273/419/419 275/418/418 276/420/420
f 273/419/419 276/420/420 277/421/421
f 277/421/421 278/422/422 273/419/419
f 280/423/423 281/424/424 279/425/425
f 279/425/425 281/424/424 282/426/426
f 279/425/425 282/426/426 283/427/427
f 283/427/427 284/428/428 279/425/425
f 273/429/429 285/430/430 274/431/431
f 274/431/431 285/430/430 302/432/432
f 302/432/432 285/430/430 286/433/433
f 302/432/432 286/433/433 301/434/434
f 301/434/434 286/433/433 287/435/435
f 301/434/434 287/435/435 300/436/436
f 300/436/436 287/435/435 288/437/437
f 300/436/436 288/437/437 299/438/438
f 299/438/438 288/437/437 289/439/439
f 299/438/438 289/439/439 298/440/440
f 298/440/440 289/439/439 290/441/441
f 298/440/440 290/441/441 297/442/442
f 297/442/442 290/441/441 291/443/443
f 297/442/442 291/443/443 296/444/444
f 296/444/444 291/443/443 292/445/445
f 296/444/444 292/445/445 295/446/446
f 295/446/446 292/445/445 293/447/447
f 295/446/446 293/447/447 294/448/448
f 294/448/448 293/447/447 279/449/449
f 294/448/448 279/449/449 284/450/450
f 274/451/451 302/452/452 275/453/453
f 275/453/453 302/452/452 311/454/454
f 311/454/454 302/452/452 301/455/455
f 311/454/454 301/455/455 310/456/456
f 310/456/456 301/455/455 300/457/457
f 310/456/456 300/457/457 309/458/458
f 309/458/458 300/457/457 299/459/459
f 309/458/458 299/459/459 308/460/460
f 308/460/460 299/459/459 298/461/461
f 308/460/460 298/461/461 307/462/462
f 307/462/462 298/461/461 297/463/463
f 307/462/462 297/463/463 306/464/464
f 306/464/464 297/463/463 296/465/465
f 306/464/464 296/465/465 305/466/466
f 305/466/466 296/465/465 295/467/467
f 305/466/466 295/467/467 304/468/468
f 304/468/468 295/467/467 294/469/469
f 304/468/468 294/469/469 303/470/470
f 303/470/470 294/469/469 284/471/471
f 303/470/470 284/471/471 283/472/472
f 275/473/473 311/474/474 276/475/475
f 276/475/475 311/474/474 320/476/476
f 320/476/476 311/474/474 310/477/477
f 320/476/476 310/477/477 319/478/478
f 319/478/478 310/477/477 309/479/479
f 319/478/478 309/479/479 318/480/480
f 318/480/480 309/479/479 308/481/481
f 318/480/480 308/481/481 317/482/482
f 317/482/482 308/481/481 307/483/483
f 317/482/482 307/483/483 316/484/484
f 316/484/484 307/483/483 306/485/485
f 316/484/484 306/485/485 315/486/486
f 315/486/486 306/485/485 305/487/487
f 315/486/486 305/487/487 314/488/488
f 314/488/488 305/487/487 304/489/489
f 314/488/488 304/489/489 313/490/490
f 313/490/490 304/489/489 303/491/491
f 313/490/490 303/491/491 312/492/492
f 312/492/492 303/491/491 283/493/493
f 312/492/492 283/493/493 282/494/494
f 276/495/495 320/496/496 277/497/497
f 277/497/497 320/496/496 329/498/498
f 329/498/498 320/496/496 319/499/499
f 329/498/498 319/499/499 328/500/500
f 328/500/500 319/499/499 318/501/501
f 328/500/500 318/501/501 327/502/502
f 327/502/502 318/501/501 317/503/503
f 327/502/502 317/503/503 326/504/504
f 326/504/504 317/503/503 316/505/505
f 326/504/504 316/505/505 325/506/506
f 325/506/506 316/505/505 315/507/507
f 325/506/506 315/507/507 324/508/508
f 324/508/508 315/507/507 314/509/509
f 324/508/508 314/509/509 323/510/510
f 323/510/510 314/509/509 313/511/511
f 323/510/510 313/511/511 322/512/512
f 322/512/512 313/511/511 312/513/513
f 322/512/512 312/513/513 321/514/514
f 321/514/514 312/513/513 282/515/515
f 321/514/514 282/515/515 281/516/516
f 277/517/517 329/518/518 278/519/519
f 278/519/519 329/518/518 338/520/520
f 338/520/520 329/518/518 328/521/521
f 338/520/520 328/521/521 337/522/522
f 337/522/522 328/521/521 327/523/523
f 337/522/522 327/523/523 336/524/524
f 336/524/524 327/523/523 326/525/525
f 336/524/524 326/525/525 335/526/526
f 335/526/526 326/525/525 325/527/527
f 335/526/526 325/527/527 334/528/528
f 334/528/528 325/527/527 324/529/529
f 334/528/528 324/529/529 333/530/530
f 333/530/530 324/529/529 323/531/531
f 333/530/530 323/531/531 332/532/532
f 332/532/532 323/531/531 322/533/533
f 332/532/532 322/533/533 331/534/534
f 331/534/534 322/533/533 321/535/535
f 331/534/534 321/535/535 330/536/536
f 330/536/536 321/535/535 281/537/537
f 330/536/536 281/537/537 280/538/538
f 278/539/539 338/540/540 273/541/541
f 273/541/541 338/540/540 285/542/542
f 285/542/542 338/540/540 337/543/543
f 285/542/542 337/543/543 286/544/544
f 286/544/544 337/543/543 336/545/545
f 286/544/544 336/545/545 287/546/546
f 287/546/546 336/545/545 335/547/547
f 287/546/546 335/547/547 288/548/548
f 288/548/548 335/547/547 334/549/549
f 288/548/548 334/549/549 289/550/550
f 289/550/550 334/549/549 333/551/551
f 289/550/550 333/551/551 290/552/552
f 290/552/552 333/551/551 332/553/553
f 290/552/552 332/553/553 291/554/554
f 291/554/554 332/553/553 331/555/555
f 291/554/554 331/555/555 292/556/556
f 292/556/556 331/555/555 330/557/557
f 292/556/556 330/557/557 293/558/558
f 293/558/558 330/557/557 280/559/559
f 293/558/558 280/559/559 279/560/560
g Extrusion:3

v 150.000000 450.000000 25.000000
v 150.000000 412.500000 25.000000
v 150.000000 375.000000 25.000000
v 150.000000 337.500000 25.000000
v 150.000000 300.000000 25.000000
v 150.000000 262.500000 25.000000
v 150.000000 225.000000 25.000000
v 150.000000 187.500000 25.000000
v 150.000000 150.000000 25.000000
v 187.500000 150.000000 25.000000
v 225.000000 150.000000 25.000000
v 262.500000 150.000000 25.000000
v 300.000000 150.000000 25.000000
v 337.500000 150.000000 25.000000
v 375.000000 150.000000 25.000000
v 412.500000 150.000000 25.000000
v 450.000000 150.000000 25.000000
v 450.000000 187.500000 25.000000
v 450.000000 225.000000 25.000000
v 450.000000 262.500000 25.000000
v 450.000000 300.000000 25.000000
v 450.000000 337.500000 25.000000
v 450.000000 375.000000 25.000000
v 450.000000 412.500000 25.000000
v 450.000000 450.000000 25.000000
v 412.500000 450.000000 25.000000
v 375.000000 450.000000 25.000000
v 337.500000 450.000000 25.000000
v 300.000000 450.000000 25.000000
v 262.500000 450.000000 25.000000
v 225.000000 450.000000 25.000000
v 187.500000 450.000000 25.000000
v 192.857143 192.857143 25.000000
v 192.857143 235.714286 25.000000
v 192.857143 278.571429 25.000000
v 192.857143 321.428571 25.000000
v 192.857143 364.285714 25.000000
v 192.857143 407.142857 25.000000
v 235.714286 192.857143 25.000000
v 235.714286 235.714286 25.000000
v 235.714286 278.571429 25.000000
v 235.714286 321.428571 25.000000
v 235.714286 364.285714 25.000000
v 235.714286 407.142857 25.000000
v 278.571429 192.857143 25.000000
v 278.571429 235.714286 25.000000
v 278.571429 278.571429 25.000000
v 278.571429 321.428571 25.000000
v 278.571429 364.285714 25.000000
v 278.571429 407.142857 25.000000
v 321.428571 192.857143 25.000000
v 321.428571 235.714286 25.000000
v 321.428571 278.571429 25.000000
v 321.428571 321.428571 25.000000
v 321.428571 364.285714 25.000000
v 321.428571 407.142857 25.000000
v 364.285714 192.857143 25.000000
v 364.285714 235.714286 25.000000
v 364.285714 278.571429 25.000000
v 364.285714 321.428571 25.000000
v 364.285714 364.285714 25.000000
v 364.285714 407.142857 25.000000
v 407.142857 192.857143 25.000000
v 407.142857 235.714286 25.000000
v 407.142857 278.571429 25.000000
v 407.142857 321.428571 25.000000
v 407.142857 364.285714 25.000000
v 407.142857 407.142857 25.000000
v 150.000000 450.000000 20.000000
v 187.500000 450.000000 20.000000
v 225.000000 450.000000 20.000000
v 262.500000 450.000000 20.000000
v 300.000000 450.000000 20.000000
v 337.500000 450.000000 20.000000
v 375.000000 450.000000 20.000000
v 412.500000 450.000000 20.000000
v 450.000000 450.000000 20.000000
v 450.000000 412.500000 20.000000
v 450.000000 375.000000 20.000000
v 450.000000 337.500000 20.000000
v 450.000000 300.000000 20.000000
v 450.000000 262.500000 20.000000
v 450.000000 225.000000 20.000000
v 450.000000 187.500000 20.000000
v 450.000000 150.000000 20.000000
v 412.500000 150.000000 20.000000
v 375.000000 150.000000 20.000000
v 337.500000 150.000000 20.000000
v 300.000000 150.000000 20.000000
v 262.500000 150.000000 20.000000
v 225.000000 150.000000 20.000000
v 187.500000 150.000000 20.000000
v 150.000000 150.000000 20.000000
v 150.000000 187.500000 20.000000
v 150.000000 225.000000 20.000000
v 150.000000 262.500000 20.000000
v 150.000000 300.000000 20.000000
v 150.000000 337.500000 20.000000
v 150.000000 375.000000 20.000000
v 150.000000 412.500000 20.000000
v 192.857143 407.142857 20.000000
v 192.857143 364.285714 20.000000
v 192.857143 321.428571 20.000000
v 192.857143 278.571429 20.000000
v 192.857143 235.714286 20.000000
v 192.857143 192.857143 20.000000
v 235.714286 407.142857 20.000000
v 235.714286 364.285714 20.000000
v 235.714286 321.428571 20.000000
v 235.714286 278.571429 20.000000
v 235.714286 235.714286 20.000000
v 235.714286 192.857143 20.000000
v 278.571429 407.142857 20.000000
v 278.571429 364.285714 20.000000
v 278.571429 321.428571 20.000000
v 278.571429 278.571429 20.000000
v 278.571429 235.714286 20.000000
v 278.571429 192.857143 20.000000
v 321.428571 407.142857 20.000000
v 321.428571 364.285714 20.000000
v 321.428571 321.428571 20.000000
v 321.428571 278.571429 20.000000
v 321.428571 235.714286 20.000000
v 321.428571 192.857143 20.000000
v 364.285714 407.142857 20.000000
v 364.285714 364.285714 20.000000
v 364.285714 321.428571 20.000000
v 364.285714 278.571429 20.000000
v 364.285714 235.714286 20.000000
v 364.285714 192.857143 20.000000
v 407.142857 407.142857 20.000000
v 407.142857 364.285714 20.000000
v 407.142857 321.428571 20.000000
v 407.142857 278.571429 20.000000
v 407.142857 235.714286 20.000000
v 407.142857 192.857143 20.000000
vt 15.000000 -0.000000 0.000000
vt 18.750000 0.000000 0.000000
vt 15.000000 3.750000 0.000000
vt 19.285714 4.285714 0.000000
vt 15.000000 7.500000 0.000000
vt 19.285714 8.571429 0.000000
vt 15.000000 11.250000 0.000000
vt 19.285714 12.857143 0.000000
vt 15.000000 15.000000 0.000000
vt 19.285714 17.142857 0.000000
vt 15.000000 18.750000 0.000000
vt 19.285714 21.428571 0.000000
vt 15.000000 22.500000 0.000000
vt 19.285714 25.714286 0.000000
vt 15.000000 26.250000 0.000000
vt 18.750000 30.000000 0.000000
vt 15.000000 30.000000 0.000000
vt 22.500000 -0.000000 0.000000
vt 23.571429 4.285714 0.000000
vt 23.571429 8.571429 0.000000
vt 23.571429 12.857143 0.000000
vt 23.571429 17.142857 0.000000
vt 23.571429 21.428571 0.000000
vt 23.571429 25.714286 0.000000
vt 22.500000 30.000000 0.000000
vt 26.250000 30.000000 0.000000
vt 27.857143 25.714286 0.000000
vt 30.000000 30.000000 0.000000
vt 32.142857 25.714286 0.000000
vt 33.750000 30.000000 0.000000
vt 36.428571 25.714286 0.000000
vt 37.500000 30.000000 0.000000
vt 40.714286 25.714286 0.000000
vt 41.250000 30.000000 0.000000
vt 45.000000 26.250000 0.000000
vt 45.000000 30.000000 0.000000
vt 26.250000 0.000000 0.000000
vt 27.857143 4.285714 0.000000
vt 27.857143 8.571429 0.000000
vt 27.857143 12.857143 0.000000
vt 27.857143 17.142857 0.000000
vt 27.857143 21.428571 0.000000
vt 30.000000 -0.000000 0.000000
vt 32.142857 4.285714 0.000000
vt 32.142857 8.571429 0.000000
vt 32.142857 12.857143 0.000000
vt 32.142857 17.142857 0.000000
vt 32.142857 21.428571 0.000000
vt 33.750000 0.000000 0.000000
vt 36.428571 4.285714 0.000000
vt 36.428571 8.571429 0.000000
vt 36.428571 12.857143 0.000000
vt 36.428571 17.142857 0.000000
vt 36.428571 21.428571 0.000000
vt 37.500000 -0.000000 0.000000
vt 40.714286 4.285714 0.000000
vt 40.714286 8.571429 0.000000
vt 40.714286 12.857143 0.000000
vt 40.714286 17.142857 0.000000
vt 40.714286 21.428571 0.000000
vt 41.250000 -0.000000 0.000000
vt 45.000000 3.750000 0.000000
vt 45.000000 7.500000 0.000000
vt 45.000000 -0.000000 0.000000
vt 45.000000 11.250000 0.000000
vt 45.000000 15.000000 0.000000
vt 45.000000 18.750000 0.000000
vt 45.000000 22.500000 0.000000
vt -15.000000 -0.000000 0.000000
vt -15.000000 3.750000 0.000000
vt -18.750000 -0.000000 0.000000
vt -19.285714 4.285714 0.000000
vt -22.500000 -0.000000 0.000000
vt -23.571429 4.285714 0.000000
vt -26.250000 -0.000000 0.000000
vt -27.857143 4.285714 0.000000
vt -30.000000 -0.000000 0.000000
vt -32.142857 4.285714 0.000000
vt -33.750000 -0.000000 0.000000
vt -36.428571 4.285714 0.000000
vt -37.500000 -0.000000 0.000000
vt -40.714286 4.285714 0.000000
vt -41.250000 -0.000000 0.000000
vt -45.000000 3.750000 0.000000
vt -45.000000 -0.000000 0.000000
vt -15.000000 7.500000 0.000000
vt -19.285714 8.571429 0.000000
vt -23.571429 8.571429 0.000000
vt -23.571429 12.857143 0.000000
vt -27.857143 12.857143 0.000000
vt -27.857143 17.142857 0.000000
vt -32.142857 17.142857 0.000000
vt -32.142857 21.428571 0.000000
vt -36.428571 21.428571 0.000000
vt -36.428571 25.714286 0.000000
vt -40.714286 25.714286 0.000000
vt -37.500000 30.000000 0.000000
vt -41.250000 30.000000 0.000000
vt -15.000000 11.250000 0.000000
vt -19.285714 12.857143 0.000000
vt -23.571429 17.142857 0.000000
vt -27.857143 21.428571 0.000000
vt -32.142857 25.714286 0.000000
vt -33.750000 30.000000 0.000000
vt -15.000000 15.000000 0.000000
vt -19.285714 17.142857 0.000000
vt -23.571429 21.428571 0.000000
vt -27.857143 25.714286 0.000000
vt -30.000000 30.000000 0.000000
vt -15.000000 18.750000 0.000000
vt -19.285714 21.428571 0.000000
vt -23.571429 25.714286 0.000000
vt -26.250000 30.000000 0.000000
vt -15.000000 22.500000 0.000000
vt -19.285714 25.714286 0.000000
vt -22.500000 30.000000 0.000000
vt -15.000000 26.250000 0.000000
vt -18.750000 30.000000 0.000000
vt -15.000000 30.000000 0.000000
vt -45.000000 30.000000 0.000000
vt -45.000000 26.250000 0.000000
vt -45.000000 22.500000 0.000000
vt -40.714286 21.428571 0.000000
vt -36.428571 17.142857 0.000000
vt -32.142857 12.857143 0.000000
vt -27.857143 8.571429 0.000000
vt -45.000000 18.750000 0.000000
vt -40.714286 17.142857 0.000000
vt -36.428571 12.857143 0.000000
vt -32.142857 8.571429 0.000000
vt -45.000000 15.000000 0.000000
vt -40.714286 12.857143 0.000000
vt -36.428571 8.571429 0.000000
vt -45.000000 11.250000 0.000000
vt -40.714286 8.571429 0.000000
vt -45.000000 7.500000 0.000000
vt 0.500000 30.000000 0.000000
vt -0.000000 30.000000 0.000000
vt 0.500000 26.250000 0.000000
vt -0.000000 26.250000 0.000000
vt -0.000000 22.500000 0.000000
vt 0.500000 22.500000 0.000000
vt -0.000000 18.750000 0.000000
vt 0.500000 18.750000 0.000000
vt -0.000000 15.000000 0.000000
vt 0.500000 15.000000 0.000000
vt -0.000000 11.250000 0.000000
vt 0.500000 11.250000 0.000000
vt -0.000000 7.500000 0.000000
vt 0.500000 7.500000 0.000000
vt -0.000000 3.750000 0.000000
vt 0.500000 3.750000 0.000000
vt 0.500000 0.000000 0.000000
vt 0.000000 0.000000 0.000000
vt 0.500000 30.000000 0.000000
vt 0.000000 30.000000 0.000000
vt 0.500000 26.250000 0.000000
vt 0.000000 26.250000 0.000000
vt 0.000000 22.500000 0.000000
vt 0.500000 22.500000 0.000000
vt 0.000000 18.750000 0.000000
vt 0.500000 18.750000 0.000000
vt 0.000000 15.000000 0.000000
vt 0.500000 15.000000 0.000000
vt 0.000000 11.250000 0.000000
vt 0.500000 11.250000 0.000000
vt 0.000000 7.500000 0.000000
vt 0.500000 7.500000 0.000000
vt 0.000000 3.750000 0.000000
vt 0.500000 3.750000 0.000000
vt 0.500000 0.000000 0.000000
vt 0.000000 0.000000 0.000000
vt 0.500000 30.000000 0.000000
vt 0.000000 30.000000 0.000000
vt 0.500000 26.250000 0.000000
vt 0.000000 26.250000 0.000000
vt 0.000000 22.500000 0.000000
vt 0.500000 22.500000 0.000000
vt 0.000000 18.750000 0.000000
vt 0.500000 18.750000 0.000000
vt 0.000000 15.000000 0.000000
vt 0.500000 15.000000 0.000000
vt 0.000000 11.250000 0.000000
vt 0.500000 11.250000 0.000000
vt 0.000000 7.500000 0.000000
vt 0.500000 7.500000 0.000000
vt 0.000000 3.750000 0.000000
vt 0.500000 3.750000 0.000000
vt 0.500000 0.000000 0.000000
vt 0.000000 0.000000 0.000000
vt 0.500000 30.000000 0.000000
vt 0.000000 30.000000 0.000000
vt 0.500000 26.250000 0.000000
vt 0.000000 26.250000 0.000000
vt 0.000000 22.500000 0.000000
vt 0.500000 22.500000 0.000000
vt 0.000000 18.750000 0.000000
vt 0.500000 18.750000 0.000000
vt 0.000000 15.000000 0.000000
vt 0.500000 15.000000 0.000000
vt 0.000000 11.250000 0.000000
vt 0.500000 11.250000 0.000000
vt 0.000000 7.500000 0.000000
vt 0.500000 7.500000 0.000000
vt 0.000000 3.750000 0.000000
vt 0.500000 3.750000 0.000000
vt 0.500000 0.000000 0.000000
vt 0.000000 0.000000 0.000000
vn 0.000000 0.000000 0.100000
vn 0.000000 0.000000 0.100000
vn 0.000000 0.000000 0.100000
vn 0.000000 0.000000 0.100000
vn 0.000000 0.000000 0.100000
vn 0.000000 0.000000 0.100000
vn 0.000000 0.000000 0.100000
vn 0.000000 0.000000 0.100000
vn 0.000000 0.000000 0.100000
vn 0.000000 0.000000 0.100000
vn 0.000000 0.000000 0.100000
vn 0.000000 0.000000 0.100000
vn 0.000000 0.000000 0.100000
vn 0.000000 0.000000 0.100000
vn 0.000000 0.000000 0.100000
vn 0.000000 0.000000 0.100000
vn 0.000000 0.000000 0.100000
vn 0.000000 0.000000 0.100000
vn 0.000000 0.000000 0.100000
vn 0.000000 0.000000 0.100000
vn 0.000000 0.000000 0.100000
vn 0.000000 0.000000 0.100000
vn 0.000000 0.000000 0.100000
vn 0.000000 0.000000 0.100000
vn 0.000000 0.000000 0.100000
vn 0.000000 0.000000 0.100000
vn 0.000000 0.000000 0.100000
vn 0.000000 0.000000 0.100000
vn 0.000000 0.000000 0.100000
vn 0.000000 0.000000 0.100000
vn 0.000000 0.000000 0.100000
vn 0.000000 0.000000 0.100000
vn 0.000000 0.000000 0.100000
vn 0.000000 0.000000 0.100000
vn 0.000000 0.000000 0.100000
vn 0.000000 0.000000 0.100000
vn 0.000000 0.000000 0.100000
vn 0.000000 0.000000 0.100000
vn 0.000000 0.000000 0.100000
vn 0.000000 0.000000 0.100000
vn 0.000000 0.000000 0.100000
vn 0.000000 0.000000 0.100000
vn 0.000000 0.000000 0.100000
vn 0.000000 0.000000 0.100000
vn 0.000000 0.000000 0.100000
vn 0.000000 0.000000 0.100000
vn 0.000000 0.000000 0.100000
vn 0.000000 0.000000 0.100000
vn 0.000000 0.000000 0.100000
vn 0.000000 0.000000 0.100000
vn 0.000000 0.000000 0.100000
vn 0.000000 0.000000 0.100000
vn 0.000000 0.000000 0.100000
vn 0.000000 0.000000 0.100000
vn 0.000000 0.000000 0.100000
vn 0.000000 0.000000 0.100000
vn 0.000000 0.000000 0.100000
vn 0.000000 0.000000 0.100000
vn 0.000000 0.000000 0.100000
vn 0.000000 0.000000 0.100000
vn 0.000000 0.000000 0.100000
vn 0.000000 0.000000 0.100000
vn 0.000000 0.000000 0.100000
vn 0.000000 0.000000 0.100000
vn 0.000000 0.000000 0.100000
vn 0.000000 0.000000 0.100000
vn 0.000000 0.000000 0.100000
vn 0.000000 0.000000 0.100000
vn 0.000000 0.000000 -0.100000
vn 0.000000 0.000000 -0.100000
vn 0.000000 0.000000 -0.100000
vn 0.000000 0.000000 -0.100000
vn 0.000000 0.000000 -0.100000
vn 0.000000 0.000000 -0.100000
vn 0.000000 0.000000 -0.100000
vn 0.000000 0.000000 -0.100000
vn 0.000000 0.000000 -0.100000
vn 0.000000 0.000000 -0.100000
vn 0.000000 0.000000 -0.100000
vn 0.000000 0.000000 -0.100000
vn 0.000000 0.000000 -0.100000
vn 0.000000 0.000000 -0.100000
vn 0.000000 0.000000 -0.100000
vn 0.000000 0.000000 -0.100000
vn 0.000000 0.000000 -0.100000
vn 0.000000 0.000000 -0.100000
vn 0.000000 0.000000 -0.100000
vn 0.000000 0.000000 -0.100000
vn 0.000000 0.000000 -0.100000
vn 0.000000 0.000000 -0.100000
vn 0.000000 0.000000 -0.100000
vn 0.000000 0.000000 -0.100000
vn 0.000000 0.000000 -0.100000
vn 0.000000 0.000000 -0.100000
vn 0.000000 0.000000 -0.100000
vn 0.000000 0.000000 -0.100000
vn 0.000000 0.000000 -0.100000
vn 0.000000 0.000000 -0.100000
vn 0.000000 0.000000 -0.100000
vn 0.000000 0.000000 -0.100000
vn 0.000000 0.000000 -0.100000
vn 0.000000 0.000000 -0.100000
vn 0.000000 0.000000 -0.100000
vn 0.000000 0.000000 -0.100000
vn 0.000000 0.000000 -0.100000
vn 0.000000 0.000000 -0.100000
vn 0.000000 0.000000 -0.100000
vn 0.000000 0.000000 -0.100000
vn 0.000000 0.000000 -0.100000
vn 0.000000 0.000000 -0.100000
vn 0.000000 0.000000 -0.100000
vn 0.000000 0.000000 -0.100000
vn 0.000000 0.000000 -0.100000
vn 0.000000 0.000000 -0.100000
vn 0.000000 0.000000 -0.100000
vn 0.000000 0.000000 -0.100000
vn 0.000000 0.000000 -0.100000
vn 0.000000 0.000000 -0.100000
vn 0.000000 0.000000 -0.100000
vn 0.000000 0.000000 -0.100000
vn 0.000000 0.000000 -0.100000
vn 0.000000 0.000000 -0.100000
vn 0.000000 0.000000 -0.100000
vn 0.000000 0.000000 -0.100000
vn 0.000000 0.000000 -0.100000
vn 0.000000 0.000000 -0.100000
vn 0.000000 0.000000 -0.100000
vn 0.000000 0.000000 -0.100000
vn 0.000000 0.000000 -0.100000
vn 0.000000 0.000000 -0.100000
vn 0.000000 0.000000 -0.100000
vn 0.000000 0.000000 -0.100000
vn 0.000000 0.000000 -0.100000
vn 0.000000 0.000000 -0.100000
vn 0.000000 0.000000 -0.100000
vn 0.000000 0.000000 -0.100000
vn -0.100000 0.000000 0.000000
vn -0.100000 0.000000 0.000000
vn -0.100000 0.000000 0.000000
vn -0.100000 0.000000 0.000000
vn -0.100000 0.000000 0.000000
vn -0.100000 0.000000 0.000000
vn -0.100000 0.000000 0.000000
vn -0.100000 0.000000 0.000000
vn -0.100000 0.000000 0.000000
vn -0.100000 0.000000 0.000000
vn -0.100000 0.000000 0.000000
vn -0.100000 0.000000 0.000000
vn -0.100000 0.000000 0.000000
vn -0.100000 0.000000 0.000000
vn -0.100000 0.000000 0.000000
vn -0.100000 0.000000 0.000000
vn -0.100000 0.000000 0.000000
vn -0.100000 0.000000 0.000000
vn -0.000000 -0.100000 0.000000
vn -0.000000 -0.100000 0.000000
vn -0.000000 -0.100000 0.000000
vn -0.000000 -0.100000 0.000000
vn -0.000000 -0.100000 0.000000
vn -0.000000 -0.100000 0.000000
vn -0.000000 -0.100000 0.000000
vn -0.000000 -0.100000 0.000000
vn -0.000000 -0.100000 0.000000
vn -0.000000 -0.100000 0.000000
vn -0.000000 -0.100000 0.000000
vn -0.000000 -0.100000 0.000000
vn -0.000000 -0.100000 0.000000
vn -0.000000 -0.100000 0.000000
vn -0.000000 -0.100000 0.000000
vn -0.000000 -0.100000 0.000000
vn -0.000000 -0.100000 0.000000
vn -0.000000 -0.100000 0.000000
vn 0.100000 -0.000000 0.000000
vn 0.100000 -0.000000 0.000000
vn 0.100000 -0.000000 0.000000
vn 0.100000 -0.000000 0.000000
vn 0.100000 -0.000000 0.000000
vn 0.100000 -0.000000 0.000000
vn 0.100000 -0.000000 0.000000
vn 0.100000 -0.000000 0.000000
vn 0.100000 -0.000000 0.000000
vn 0.100000 -0.000000 0.000000
vn 0.100000 -0.000000 0.000000
vn 0.100000 -0.000000 0.000000
vn 0.100000 -0.000000 0.000000
vn 0.100000 -0.000000 0.000000
vn 0.100000 -0.000000 0.000000
vn 0.100000 -0.000000 0.000000
vn 0.100000 -0.000000 0.000000
vn 0.100000 -0.000000 0.000000
vn 0.000000 0.100000 0.000000
vn 0.000000 0.100000 0.000000
vn 0.000000 0.100000 0.000000
vn 0.000000 0.100000 0.000000
vn 0.000000 0.100000 0.000000
vn 0.000000 0.100000 0.000000
vn 0.000000 0.100000 0.000000
vn 0.000000 0.100000 0.000000
vn 0.000000 0.100000 0.000000
vn 0.000000 0.100000 0.000000
vn 0.000000 0.100000 0.000000
vn 0.000000 0.100000 0.000000
vn 0.000000 0.100000 0.000000
vn 0.000000 0.100000 0.000000
vn 0.000000 0.100000 0.000000
vn 0.000000 0.100000 0.000000
vn 0.000000 0.100000 0.000000
vn 0.000000 0.100000 0.000000
usemtl QR_box_Centre_piece
f 339/561/561 340/562/562 370/563/563
f 370/563/563 340/562/562 376/564/564
f 370/563/563 376/564/564 369/565/565
f 369/565/565 376/564/564 382/566/566
f 369/565/565 382/566/566 368/567/567
f 368/567/567 382/566/566 388/568/568
f 368/567/567 388/568/568 367/569/569
f 367/569/569 388/568/568 394/570/570
f 367/569/569 394/570/570 366/571/571
f 366/571/571 394/570/570 400/572/572
f 366/571/571 400/572/572 365/573/573
f 365/573/573 400/572/572 406/574/574
f 365/573/573 406/574/574 364/575/575
f 364/575/575 406/574/574 362/576/576
f 364/575/575 362/576/576 363/577/577
f 340/562/562 341/578/578 376/564/564
f 376/564/564 341/578/578 375/579/579
f 376/564/564 375/579/579 382/566/566
f 382/566/566 375/579/579 381/580/580
f 382/566/566 381/580/580 388/568/568
f 388/568/568 381/580/580 387/581/581
f 388/568/568 387/581/581 394/570/570
f 394/570/570 387/581/581 393/582/582
f 394/570/570 393/582/582 400/572/572
f 400/572/572 393/582/582 399/583/583
f 400/572/572 399/583/583 406/574/574
f 406/574/574 399/583/583 405/584/584
f 406/574/574 405/584/584 361/585/585
f 361/585/585 405/584/584 360/586/586
f 360/586/586 405/584/584 404/587/587
f 360/586/586 404/587/587 359/588/588
f 359/588/588 404/587/587 403/589/589
f 359/588/588 403/589/589 358/590/590
f 358/590/590 403/589/589 402/591/591
f 358/590/590 402/591/591 357/592/592
f 357/592/592 402/591/591 401/593/593
f 357/592/592 401/593/593 356/594/594
f 356/594/594 401/593/593 354/595/595
f 356/594/594 354/595/595 355/596/596
f 341/578/578 342/597/597 375/579/579
f 375/579/579 342/597/597 374/598/598
f 375/579/579 374/598/598 381/580/580
f 381/580/580 374/598/598 380/599/599
f 381/580/580 380/599/599 387/581/581
f 387/581/581 380/599/599 386/600/600
f 387/581/581 386/600/600 393/582/582
f 393/582/582 386/600/600 392/601/601
f 393/582/582 392/601/601 399/583/583
f 399/583/583 392/601/601 398/602/602
f 399/583/583 398/602/602 405/584/584
f 405/584/584 398/602/602 404/587/587
f 342/597/597 343/603/603 374/598/598
f 374/598/598 343/603/603 373/604/604
f 374/598/598 373/604/604 380/599/599
f 380/599/599 373/604/604 379/605/605
f 380/599/599 379/605/605 386/600/600
f 386/600/600 379/605/605 385/606/606
f 386/600/600 385/606/606 392/601/601
f 392/601/601 385/606/606 391/607/607
f 392/601/601 391/607/607 398/602/602
f 398/602/602 391/607/607 397/608/608
f 398/602/602 397/608/608 404/587/587
f 404/587/587 397/608/608 403/589/589
f 343/603/603 344/609/609 373/604/604
f 373/604/604 344/609/609 372/610/610
f 373/604/604 372/610/610 379/605/605
f 379/605/605 372/610/610 378/611/611
f 379/605/605 378/611/611 385/606/606
f 385/606/606 378/611/611 384/612/612
f 385/606/606 384/612/612 391/607/607
f 391/607/607 384/612/612 390/613/613
f 391/607/607 390/613/613 397/608/608
f 397/608/608 390/613/613 396/614/614
f 397/608/608 396/614/614 403/589/589
f 403/589/589 396/614/614 402/591/591
f 344/609/609 345/615/615 372/610/610
f 372/610/610 345/615/615 371/616/616
f 372/610/610 371/616/616 378/611/611
f 378/611/611 371/616/616 377/617/617
f 378/611/611 377/617/617 384/612/612
f 384/612/612 377/617/617 383/618/618
f 384/612/612 383/618/618 390/613/613
f 390/613/613 383/618/618 389/619/619
f 390/613/613 389/619/619 396/614/614
f 396/614/614 389/619/619 395/620/620
f 396/614/614 395/620/620 402/591/591
f 402/591/591 395/620/620 401/593/593
f 345/615/615 346/621/621 371/616/616
f 371/616/616 346/621/621 348/622/622
f 371/616/616 348/622/622 349/623/623
f 346/621/621 347/624/624 348/622/622
f 371/616/616 349/623/623 377/617/617
f 377/617/617 349/623/623 350/625/625
f 377/617/617 350/625/625 383/618/618
f 383/618/618 350/625/625 351/626/626
f 383/618/618 351/626/626 389/619/619
f 389/619/619 351/626/626 352/627/627
f 389/619/619 352/627/627 395/620/620
f 395/620/620 352/627/627 353/628/628
f 395/620/620 353/628/628 401/593/593
f 401/593/593 353/628/628 354/595/595
f 361/585/585 362/576/576 406/574/574
f 407/629/629 408/630/630 438/631/631
f 438/631/631 408/630/630 439/632/632
f 438/631/631 439/632/632 437/633/633
f 437/633/633 439/632/632 440/634/634
f 437/633/633 440/634/634 436/635/635
f 436/635/635 440/634/634 441/636/636
f 436/635/635 441/636/636 435/637/637
f 435/637/637 441/636/636 442/638/638
f 435/637/637 442/638/638 434/639/639
f 434/639/639 442/638/638 443/640/640
f 434/639/639 443/640/640 433/641/641
f 433/641/641 443/640/640 444/642/642
f 433/641/641 444/642/642 432/643/643
f 432/643/643 444/642/642 430/644/644
f 432/643/643 430/644/644 431/645/645
f 408/630/630 409/646/646 439/632/632
f 439/632/632 409/646/646 445/647/647
f 439/632/632 445/647/647 446/648/648
f 446/648/648 445/647/647 452/649/649
f 446/648/648 452/649/649 453/650/650
f 453/650/650 452/649/649 459/651/651
f 453/650/650 459/651/651 460/652/652
f 460/652/652 459/651/651 466/653/653
f 460/652/652 466/653/653 467/654/654
f 467/654/654 466/653/653 473/655/655
f 467/654/654 473/655/655 474/656/656
f 474/656/656 473/655/655 421/657/657
f 474/656/656 421/657/657 422/658/658
f 409/646/646 410/659/659 445/647/647
f 445/647/647 410/659/659 451/660/660
f 445/647/647 451/660/660 452/649/649
f 452/649/649 451/660/660 458/661/661
f 452/649/649 458/661/661 459/651/651
f 459/651/651 458/661/661 465/662/662
f 459/651/651 465/662/662 466/653/653
f 466/653/653 465/662/662 472/663/663
f 466/653/653 472/663/663 473/655/655
f 473/655/655 472/663/663 420/664/664
f 473/655/655 420/664/664 421/657/657
f 410/659/659 411/665/665 451/660/660
f 451/660/660 411/665/665 457/666/666
f 451/660/660 457/666/666 458/661/661
f 458/661/661 457/666/666 464/667/667
f 458/661/661 464/667/667 465/662/662
f 465/662/662 464/667/667 471/668/668
f 465/662/662 471/668/668 472/663/663
f 472/663/663 471/668/668 419/669/669
f 472/663/663 419/669/669 420/664/664
f 411/665/665 412/670/670 457/666/666
f 457/666/666 412/670/670 463/671/671
f 457/666/666 463/671/671 464/667/667
f 464/667/667 463/671/671 470/672/672
f 464/667/667 470/672/672 471/668/668
f 471/668/668 470/672/672 418/673/673
f 471/668/668 418/673/673 419/669/669
f 412/670/670 413/674/674 463/671/671
f 463/671/671 413/674/674 469/675/675
f 463/671/671 469/675/675 470/672/672
f 470/672/672 469/675/675 417/676/676
f 470/672/672 417/676/676 418/673/673
f 413/674/674 414/677/677 469/675/675
f 469/675/675 414/677/677 416/678/678
f 469/675/675 416/678/678 417/676/676
f 414/677/677 415/679/679 416/678/678
f 423/680/680 424/681/681 422/658/658
f 422/658/658 424/681/681 474/656/656
f 424/681/681 425/682/682 474/656/656
f 474/656/656 425/682/682 468/683/683
f 474/656/656 468/683/683 467/654/654
f 467/654/654 468/683/683 461/684/684
f 467/654/654 461/684/684 460/652/652
f 460/652/652 461/684/684 454/685/685
f 460/652/652 454/685/685 453/650/650
f 453/650/650 454/685/685 447/686/686
f 453/650/650 447/686/686 446/648/648
f 446/648/648 447/686/686 440/634/634
f 446/648/648 440/634/634 439/632/632
f 425/682/682 426/687/687 468/683/683
f 468/683/683 426/687/687 462/688/688
f 468/683/683 462/688/688 461/684/684
f 461/684/684 462/688/688 455/689/689
f 461/684/684 455/689/689 454/685/685
f 454/685/685 455/689/689 448/690/690
f 454/685/685 448/690/690 447/686/686
f 447/686/686 448/690/690 441/636/636
f 447/686/686 441/636/636 440/634/634
f 426/687/687 427/691/691 462/688/688
f 462/688/688 427/691/691 456/692/692
f 462/688/688 456/692/692 455/689/689
f 455/689/689 456/692/692 449/693/693
f 455/689/689 449/693/693 448/690/690
f 448/690/690 449/693/693 442/638/638
f 448/690/690 442/638/638 441/636/636
f 427/691/691 428/694/694 456/692/692
f 456/692/692 428/694/694 450/695/695
f 456/692/692 450/695/695 449/693/693
f 449/693/693 450/695/695 443/640/640
f 449/693/693 443/640/640 442/638/638
f 428/694/694 429/696/696 450/695/695
f 450/695/695 429/696/696 444/642/642
f 450/695/695 444/642/642 443/640/640
f 429/696/696 430/644/644 444/642/642
f 431/697/697 347/698/698 432/699/699
f 432/699/699 347/698/698 346/700/700
f 432/699/699 346/700/700 345/701/701
f 432/699/699 345/701/701 433/702/702
f 433/702/702 345/701/701 344/703/703
f 433/702/702 344/703/703 434/704/704
f 434/704/704 344/703/703 343/705/705
f 434/704/704 343/705/705 435/706/706
f 435/706/706 343/705/705 342/707/707
f 435/706/706 342/707/707 436/708/708
f 436/708/708 342/707/707 341/709/709
f 436/708/708 341/709/709 437/710/710
f 437/710/710 341/709/709 340/711/711
f 437/710/710 340/711/711 438/712/712
f 438/712/712 340/711/711 407/713/713
f 407/713/713 340/711/711 339/714/714
f 423/715/715 355/716/716 424/717/717
f 424/717/717 355/716/716 354/718/718
f 424/717/717 354/718/718 353/719/719
f 424/717/717 353/719/719 425/720/720
f 425/720/720 353/719/719 352/721/721
f 425/720/720 352/721/721 426/722/722
f 426/722/722 352/721/721 351/723/723
f 426/722/722 351/723/723 427/724/724
f 427/724/724 351/723/723 350/725/725
f 427/724/724 350/725/725 428/726/726
f 428/726/726 350/725/725 349/727/727
f 428/726/726 349/727/727 429/728/728
f 429/728/728 349/727/727 348/729/729
f 429/728/728 348/729/729 430/730/730
f 430/730/730 348/729/729 431/731/731
f 431/731/731 348/729/729 347/732/732
f 415/733/733 363/734/734 416/735/735
f 416/735/735 363/734/734 362/736/736
f 416/735/735 362/736/736 361/737/737
f 416/735/735 361/737/737 417/738/738
f 417/738/738 361/737/737 360/739/739
f 417/738/738 360/739/739 418/740/740
f 418/740/740 360/739/739 359/741/741
f 418/740/740 359/741/741 419/742/742
f 419/742/742 359/741/741 358/743/743
f 419/742/742 358/743/743 420/744/744
f 420/744/744 358/743/743 357/745/745
f 420/744/744 357/745/745 421/746/746
f 421/746/746 357/745/745 356/747/747
f 421/746/746 356/747/747 422/748/748
f 422/748/748 356/747/747 423/749/749
f 423/749/749 356/747/747 355/750/750
f 407/751/751 339/752/752 408/753/753
f 408/753/753 339/752/752 370/754/754
f 408/753/753 370/754/754 369/755/755
f 408/753/753 369/755/755 409/756/756
f 409/756/756 369/755/755 368/757/757
f 409/756/756 368/757/757 410/758/758
f 410/758/758 368/757/757 367/759/759
f 410/758/758 367/759/759 411/760/760
f 411/760/760 367/759/759 366/761/761
f 411/760/760 366/761/761 412/762/762
f 412/762/762 366/761/761 365/763/763
f 412/762/762 365/763/763 413/764/764
f 413/764/764 365/763/763 364/765/765
f 413/764/764 364/765/765 414/766/766
f 414/766/766 364/765/765 415/767/767
f 415/767/767 364/765/765 363/768/768
g Extrusion:4

v 2.000000 2.000000 600.000000
v 2.000000 15.000000 600.000000
v -0.000000 15.000000 600.000000
v 0.000000 0.000000 600.000000
v 15.000000 0.000000 600.000000
v 15.000000 2.000000 600.000000
v 2.000000 2.000000 0.000000
v 15.000000 2.000000 0.000000
v 15.000000 0.000000 0.000000
v 0.000000 0.000000 0.000000
v -0.000000 15.000000 0.000000
v 2.000000 15.000000 0.000000
v 2.000000 2.000000 540.000000
v 2.000000 2.000000 480.000000
v 2.000000 2.000000 420.000000
v 2.000000 2.000000 360.000000
v 2.000000 2.000000 300.000000
v 2.000000 2.000000 240.000000
v 2.000000 2.000000 180.000000
v 2.000000 2.000000 120.000000
v 2.000000 2.000000 60.000000
v 2.000000 15.000000 60.000000
v 2.000000 15.000000 120.000000
v 2.000000 15.000000 180.000000
v 2.000000 15.000000 240.000000
v 2.000000 15.000000 300.000000
v 2.000000 15.000000 360.000000
v 2.000000 15.000000 420.000000
v 2.000000 15.000000 480.000000
v 2.000000 15.000000 540.000000
v -0.000000 15.000000 60.000000
v -0.000000 15.000000 120.000000
v -0.000000 15.000000 180.000000
v -0.000000 15.000000 240.000000
v -0.000000 15.000000 300.000000
v -0.000000 15.000000 360.000000
v -0.000000 15.000000 420.000000
v -0.000000 15.000000 480.000000
v -0.000000 15.000000 540.000000
v 0.000000 0.000000 60.000000
v 0.000000 0.000000 120.000000
v 0.000000 0.000000 180.000000
v 0.000000 0.000000 240.000000
v 0.000000 0.000000 300.000000
v 0.000000 0.000000 360.000000
v 0.000000 0.000000 420.000000
v 0.000000 0.000000 480.000000
v 0.000000 0.000000 540.000000
v 15.000000 0.000000 60.000000
v 15.000000 0.000000 120.000000
v 15.000000 0.000000 180.000000
v 15.000000 0.000000 240.000000
v 15.000000 0.000000 300.000000
v 15.000000 0.000000 360.000000
v 15.000000 0.000000 420.000000
v 15.000000 0.000000 480.000000
v 15.000000 0.000000 540.000000
v 15.000000 2.000000 60.000000
v 15.000000 2.000000 120.000000
v 15.000000 2.000000 180.000000
v 15.000000 2.000000 240.000000
v 15.000000 2.000000 300.000000
v 15.000000 2.000000 360.000000
v 15.000000 2.000000 420.000000
v 15.000000 2.000000 480.000000
v 15.000000 2.000000 540.000000
vt -1.700000 0.000000 0.000000
vt -1.700000 0.200000 0.000000
vt -3.000000 0.000000 0.000000
vt -3.200000 0.200000 0.000000
vt -3.200000 -1.300000 0.000000
vt -3.000000 -1.300000 0.000000
vt 3.000000 -1.300000 0.000000
vt 3.200000 -1.300000 0.000000
vt 3.000000 0.000000 0.000000
vt 3.200000 0.200000 0.000000
vt 1.700000 0.200000 0.000000
vt 1.700000 0.000000 0.000000
vt -0.000000 0.000000 0.000000
vt 6.000000 0.000000 0.000000
vt -0.000000 1.300000 0.000000
vt 6.000000 1.300000 0.000000
vt 12.000000 0.000000 0.000000
vt 12.000000 1.300000 0.000000
vt 18.000000 0.000000 0.000000
vt 18.000000 1.300000 0.000000
vt 24.000000 0.000000 0.000000
vt 24.000000 1.300000 0.000000
vt 30.000000 0.000000 0.000000
vt 30.000000 1.300000 0.000000
vt 36.000000 0.000000 0.000000
vt 36.000000 1.300000 0.000000
vt 42.000000 0.000000 0.000000
vt 42.000000 1.300000 0.000000
vt 48.000000 0.000000 0.000000
vt 48.000000 1.300000 0.000000
vt 54.000000 0.000000 0.000000
vt 54.000000 1.300000 0.000000
vt 60.000000 0.000000 0.000000
vt 60.000000 1.300000 0.000000
vt -0.000000 0.000000 0.000000
vt 6.000000 0.000000 0.000000
vt -0.000000 0.200000 0.000000
vt 6.000000 0.200000 0.000000
vt 12.000000 0.000000 0.000000
vt 12.000000 0.200000 0.000000
vt 18.000000 0.000000 0.000000
vt 18.000000 0.200000 0.000000
vt 24.000000 0.000000 0.000000
vt 24.000000 0.200000 0.000000
vt 30.000000 0.000000 0.000000
vt 30.000000 0.200000 0.000000
vt 36.000000 0.000000 0.000000
vt 36.000000 0.200000 0.000000
vt 42.000000 0.000000 0.000000
vt 42.000000 0.200000 0.000000
vt 48.000000 0.000000 0.000000
vt 48.000000 0.200000 0.000000
vt 54.000000 0.000000 0.000000
vt 54.000000 0.200000 0.000000
vt 60.000000 0.000000 0.000000
vt 60.000000 0.200000 0.000000
vt -0.000000 0.000000 0.000000
vt 6.000000 0.000000 0.000000
vt -0.000000 1.500000 0.000000
vt 6.000000 1.500000 0.000000
vt 12.000000 0.000000 0.000000
vt 12.000000 1.500000 0.000000
vt 18.000000 0.000000 0.000000
vt 18.000000 1.500000 0.000000
vt 24.000000 0.000000 0.000000
vt 24.000000 1.500000 0.000000
vt 30.000000 0.000000 0.000000
vt 30.000000 1.500000 0.000000
vt 36.000000 0.000000 0.000000
vt 36.000000 1.500000 0.000000
vt 42.000000 0.000000 0.000000
vt 42.000000 1.500000 0.000000
vt 48.000000 0.000000 0.000000
vt 48.000000 1.500000 0.000000
vt 54.000000 0.000000 0.000000
vt 54.000000 1.500000 0.000000
vt 60.000000 0.000000 0.000000
vt 60.000000 1.500000 0.000000
vt -0.000000 0.000000 0.000000
vt 6.000000 0.000000 0.000000
vt -0.000000 1.500000 0.000000
vt 6.000000 1.500000 0.000000
vt 12.000000 0.000000 0.000000
vt 12.000000 1.500000 0.000000
vt 18.000000 0.000000 0.000000
vt 18.000000 1.500000 0.000000
vt 24.000000 0.000000 0.000000
vt 24.000000 1.500000 0.000000
vt 30.000000 0.000000 0.000000
vt 30.000000 1.500000 0.000000
vt 36.000000 0.000000 0.000000
vt 36.000000 1.500000 0.000000
vt 42.000000 0.000000 0.000000
vt 42.000000 1.500000 0.000000
vt 48.000000 0.000000 0.000000
vt 48.000000 1.500000 0.000000
vt 54.000000 0.000000 0.000000
vt 54.000000 1.500000 0.000000
vt 60.000000 0.000000 0.000000
vt 60.000000 1.500000 0.000000
vt -0.000000 0.000000 0.000000
vt 6.000000 0.000000 0.000000
vt -0.000000 0.200000 0.000000
vt 6.000000 0.200000 0.000000
vt 12.000000 0.000000 0.000000
vt 12.000000 0.200000 0.000000
vt 18.000000 0.000000 0.000000
vt 18.000000 0.200000 0.000000
vt 24.000000 0.000000 0.000000
vt 24.000000 0.200000 0.000000
vt 30.000000 0.000000 0.000000
vt 30.000000 0.200000 0.000000
vt 36.000000 0.000000 0.000000
vt 36.000000 0.200000 0.000000
vt 42.000000 0.000000 0.000000
vt 42.000000 0.200000 0.000000
vt 48.000000 0.000000 0.000000
vt 48.000000 0.200000 0.000000
vt 54.000000 0.000000 0.000000
vt 54.000000 0.200000 0.000000
vt 60.000000 0.000000 0.000000
vt 60.000000 0.200000 0.000000
vt -0.000000 0.000000 0.000000
vt 6.000000 0.000000 0.000000
vt -0.000000 1.300000 0.000000
vt 6.000000 1.300000 0.000000
vt 12.000000 0.000000 0.000000
vt 12.000000 1.300000 0.000000
vt 18.000000 0.000000 0.000000
vt 18.000000 1.300000 0.000000
vt 24.000000 0.000000 0.000000
vt 24.000000 1.300000 0.000000
vt 30.000000 0.000000 0.000000
vt 30.000000 1.300000 0.000000
vt 36.000000 0.000000 0.000000
vt 36.000000 1.300000 0.000000
vt 42.000000 0.000000 0.000000
vt 42.000000 1.300000 0.000000
vt 48.000000 0.000000 0.000000
vt 48.000000 1.300000 0.000000
vt 54.000000 0.000000 0.000000
vt 54.000000 1.300000 0.000000
vt 60.000000 0.000000 0.000000
vt 60.000000 1.300000 0.000000
vn 0.000000 -0.000000 0.100000
vn 0.000000 -0.000000 0.100000
vn 0.000000 -0.000000 0.100000
vn 0.000000 -0.000000 0.100000
vn 0.000000 -0.000000 0.100000
vn 0.000000 -0.000000 0.100000
vn 0.000000 0.000000 -0.100000
vn 0.000000 0.000000 -0.100000
vn 0.000000 0.000000 -0.100000
vn 0.000000 0.000000 -0.100000
vn 0.000000 0.000000 -0.100000
vn 0.000000 0.000000 -0.100000
vn 0.100000 -0.000000 0.000000
vn 0.100000 -0.000000 0.000000
vn 0.100000 -0.000000 0.000000
vn 0.100000 -0.000000 0.000000
vn 0.100000 -0.000000 0.000000
vn 0.100000 -0.000000 0.000000
vn 0.100000 -0.000000 0.000000
vn 0.100000 -0.000000 0.000000
vn 0.100000 -0.000000 0.000000
vn 0.100000 -0.000000 0.000000
vn 0.100000 -0.000000 0.000000
vn 0.100000 -0.000000 0.000000
vn 0.100000 -0.000000 0.000000
vn 0.100000 -0.000000 0.000000
vn 0.100000 -0.000000 0.000000
vn 0.100000 -0.000000 0.000000
vn 0.100000 -0.000000 0.000000
vn 0.100000 -0.000000 0.000000
vn 0.100000 -0.000000 0.000000
vn 0.100000 -0.000000 0.000000
vn 0.100000 -0.000000 0.000000
vn 0.100000 -0.000000 0.000000
vn 0.000000 0.100000 0.000000
vn 0.000000 0.100000 0.000000
vn 0.000000 0.100000 0.000000
vn 0.000000 0.100000 0.000000
vn 0.000000 0.100000 0.000000
vn 0.000000 0.100000 0.000000
vn 0.000000 0.100000 0.000000
vn 0.000000 0.100000 0.000000
vn 0.000000 0.100000 0.000000
vn 0.000000 0.100000 0.000000
vn 0.000000 0.100000 0.000000
vn 0.000000 0.100000 0.000000
vn 0.000000 0.100000 0.000000
vn 0.000000 0.100000 0.000000
vn 0.000000 0.100000 0.000000
vn 0.000000 0.100000 0.000000
vn 0.000000 0.100000 0.000000
vn 0.000000 0.100000 0.000000
vn 0.000000 0.100000 0.000000
vn 0.000000 0.100000 0.000000
vn 0.000000 0.100000 0.000000
vn 0.000000 0.100000 0.000000
vn -0.100000 -0.000000 0.000000
vn -0.100000 -0.000000 0.000000
vn -0.100000 -0.000000 0.000000
vn -0.100000 -0.000000 0.000000
vn -0.100000 -0.000000 0.000000
vn -0.100000 -0.000000 0.000000
vn -0.100000 -0.000000 0.000000
vn -0.100000 -0.000000 0.000000
vn -0.100000 -0.000000 0.000000
vn -0.100000 -0.000000 0.000000
vn -0.100000 -0.000000 0.000000
vn -0.100000 -0.000000 0.000000
vn -0.100000 -0.000000 0.000000
vn -0.100000 -0.000000 0.000000
vn -0.100000 -0.000000 0.000000
vn -0.100000 -0.000000 0.000000
vn -0.100000 -0.000000 0.000000
vn -0.100000 -0.000000 0.000000
vn -0.100000 -0.000000 0.000000
vn -0.100000 -0.000000 0.000000
vn -0.100000 -0.000000 0.000000
vn -0.100000 -0.000000 0.000000
vn 0.000000 -0.100000 0.000000
vn 0.000000 -0.100000 0.000000
vn 0.000000 -0.100000 0.000000
vn 0.000000 -0.100000 0.000000
vn 0.000000 -0.100000 0.000000
vn 0.000000 -0.100000 0.000000
vn 0.000000 -0.100000 0.000000
vn 0.000000 -0.100000 0.000000
vn 0.000000 -0.100000 0.000000
vn 0.000000 -0.100000 0.000000
vn 0.000000 -0.100000 0.000000
vn 0.000000 -0.100000 0.000000
vn 0.000000 -0.100000 0.000000
vn 0.000000 -0.100000 0.000000
vn 0.000000 -0.100000 0.000000
vn 0.000000 -0.100000 0.000000
vn 0.000000 -0.100000 0.000000
vn 0.000000 -0.100000 0.000000
vn 0.000000 -0.100000 0.000000
vn 0.000000 -0.100000 0.000000
vn 0.000000 -0.100000 0.000000
vn 0.000000 -0.100000 0.000000
vn 0.100000 -0.000000 0.000000
vn 0.100000 -0.000000 0.000000
vn 0.100000 -0.000000 0.000000
vn 0.100000 -0.000000 0.000000
vn 0.100000 -0.000000 0.000000
vn 0.100000 -0.000000 0.000000
vn 0.100000 -0.000000 0.000000
vn 0.100000 -0.000000 0.000000
vn 0.100000 -0.000000 0.000000
vn 0.100000 -0.000000 0.000000
vn 0.100000 -0.000000 0.000000
vn 0.100000 -0.000000 0.000000
vn 0.100000 -0.000000 0.000000
vn 0.100000 -0.000000 0.000000
vn 0.100000 -0.000000 0.000000
vn 0.100000 -0.000000 0.000000
vn 0.100000 -0.000000 0.000000
vn 0.100000 -0.000000 0.000000
vn 0.100000 -0.000000 0.000000
vn 0.100000 -0.000000 0.000000
vn 0.100000 -0.000000 0.000000
vn 0.100000 -0.000000 0.000000
vn 0.000000 0.100000 0.000000
vn 0.000000 0.100000 0.000000
vn 0.000000 0.100000 0.000000
vn 0.000000 0.100000 0.000000
vn 0.000000 0.100000 0.000000
vn 0.000000 0.100000 0.000000
vn 0.000000 0.100000 0.000000
vn 0.000000 0.100000 0.000000
vn 0.000000 0.100000 0.000000
vn 0.000000 0.100000 0.000000
vn 0.000000 0.100000 0.000000
vn 0.000000 0.100000 0.000000
vn 0.000000 0.100000 0.000000
vn 0.000000 0.100000 0.000000
vn 0.000000 0.100000 0.000000
vn 0.000000 0.100000 0.000000
vn 0.000000 0.100000 0.000000
vn 0.000000 0.100000 0.000000
vn 0.000000 0.100000 0.000000
vn 0.000000 0.100000 0.000000
vn 0.000000 0.100000 0.000000
vn 0.000000 0.100000 0.000000
usemtl QR_box_connection
f 476/769/769 477/770/770 475/771/771
f 475/771/771 477/770/770 478/772/772
f 475/771/771 478/772/772 479/773/773
f 479/773/773 480/774/774 475/771/771
f 482/775/775 483/776/776 481/777/777
f 481/777/777 483/776/776 484/778/778
f 481/777/777 484/778/778 485/779/779
f 485/779/779 486/780/780 481/777/777
f 475/781/781 487/782/782 476/783/783
f 476/783/783 487/782/782 504/784/784
f 504/784/784 487/782/782 488/785/785
f 504/784/784 488/785/785 503/786/786
f 503/786/786 488/785/785 489/787/787
f 503/786/786 489/787/787 502/788/788
f 502/788/788 489/787/787 490/789/789
f 502/788/788 490/789/789 501/790/790
f 501/790/790 490/789/789 491/791/791
f 501/790/790 491/791/791 500/792/792
f 500/792/792 491/791/791 492/793/793
f 500/792/792 492/793/793 499/794/794
f 499/794/794 492/793/793 493/795/795
f 499/794/794 493/795/795 498/796/796
f 498/796/796 493/795/795 494/797/797
f 498/796/796 494/797/797 497/798/798
f 497/798/798 494/797/797 495/799/799
f 497/798/798 495/799/799 496/800/800
f 496/800/800 495/799/799 481/801/801
f 496/800/800 481/801/801 486/802/802
f 476/803/803 504/804/804 477/805/805
f 477/805/805 504/804/804 513/806/806
f 513/806/806 504/804/804 503/807/807
f 513/806/806 503/807/807 512/808/808
f 512/808/808 503/807/807 502/809/809
f 512/808/808 502/809/809 511/810/810
f 511/810/810 502/809/809 501/811/811
f 511/810/810 501/811/811 510/812/812
f 510/812/812 501/811/811 500/813/813
f 510/812/812 500/813/813 509/814/814
f 509/814/814 500/813/813 499/815/815
f 509/814/814 499/815/815 508/816/816
f 508/816/816 499/815/815 498/817/817
f 508/816/816 498/817/817 507/818/818
f 507/818/818 498/817/817 497/819/819
f 507/818/818 497/819/819 506/820/820
f 506/820/820 497/819/819 496/821/821
f 506/820/820 496/821/821 505/822/822
f 505/822/822 496/821/821 486/823/823
f 505/822/822 486/823/823 485/824/824
f 477/825/825 513/826/826 478/827/827
f 478/827/827 513/826/826 522/828/828
f 522/828/828 513/826/826 512/829/829
f 522/828/828 512/829/829 521/830/830
f 521/830/830 512/829/829 511/831/831
f 521/830/830 511/831/831 520/832/832
f 520/832/832 511/831/831 510/833/833
f 520/832/832 510/833/833 519/834/834
f 519/834/834 510/833/833 509/835/835
f 519/834/834 509/835/835 518/836/836
f 518/836/836 509/835/835 508/837/837
f 518/836/836 508/837/837 517/838/838
f 517/838/838 508/837/837 507/839/839
f 517/838/838 507/839/839 516/840/840
f 516/840/840 507/839/839 506/841/841
f 516/840/840 506/841/841 515/842/842
f 515/842/842 506/841/841 505/843/843
f 515/842/842 505/843/843 514/844/844
f 514/844/844 505/843/843 485/845/845
f 514/844/844 485/845/845 484/846/846
f 478/847/847 522/848/848 479/849/849
f 479/849/849 522/848/848 531/850/850
f 531/850/850 522/848/848 521/851/851
f 531/850/850 521/851/851 530/852/852
f 530/852/852 521/851/851 520/853/853
f 530/852/852 520/853/853 529/854/854
f 529/854/854 520/853/853 519/855/855
f 529/854/854 519/855/855 528/856/856
f 528/856/856 519/855/855 518/857/857
f 528/856/856 518/857/857 527/858/858
f 527/858/858 518/857/857 517/859/859
f 527/858/858 517/859/859 526/860/860
f 526/860/860 517/859/859 516/861/861
f 526/860/860 516/861/861 525/862/862
f 525/862/862 516/861/861 515/863/863
f 525/862/862 515/863/863 524/864/864
f 524/864/864 515/863/863 514/865/865
f 524/864/864 514/865/865 523/866/866
f 523/866/866 514/865/865 484/867/867
f 523/866/866 484/867/867 483/868/868
f 479/869/869 531/870/870 480/871/871
f 480/871/871 531/870/870 540/872/872
f 540/872/872 531/870/870 530/873/873
f 540/872/872 530/873/873 539/874/874
f 539/874/874 530/873/873 529/875/875
f 539/874/874 529/875/875 538/876/876
f 538/876/876 529/875/875 528/877/877
f 538/876/876 528/877/877 537/878/878
f 537/878/878 528/877/877 527/879/879
f 537/878/878 527/879/879 536/880/880
f 536/880/880 527/879/879 526/881/881
f 536/880/880 526/881/881 535/882/882
f 535/882/882 526/881/881 525/883/883
f 535/882/882 525/883/883 534/884/884
f 534/884/884 525/883/883 524/885/885
f 534/884/884 524/885/885 533/886/886
f 533/886/886 524/885/885 523/887/887
f 533/886/886 523/887/887 532/888/888
f 532/888/888 523/887/887 483/889/889
f 532/888/888 483/889/889 482/890/890
f 480/891/891 540/892/892 475/893/893
f 475/893/893 540/892/892 487/894/894
f 487/894/894 540/892/892 539/895/895
f 487/894/894 539/895/895 488/896/896
f 488/896/896 539/895/895 538/897/897
f 488/896/896 538/897/897 489/898/898
f 489/898/898 538/897/897 537/899/899
f 489/898/898 537/899/899 490/900/900
f 490/900/900 537/899/899 536/901/901
f 490/900/900 536/901/901 491/902/902
f 491/902/902 536/901/901 535/903/903
f 491/902/902 535/903/903 492/904/904
f 492/904/904 535/903/903 534/905/905
f 492/904/904 534/905/905 493/906/906
f 493/906/906 534/905/905 533/907/907
f 493/906/906 533/907/907 494/908/908
f 494/908/908 533/907/907 532/909/909
f 494/908/908 532/909/909 495/910/910
f 495/910/910 532/909/909 482/911/911
f 495/910/910 482/911/911 481/912/912
g Extrusion:5

v 0.000000 0.000000 600.000000
v -0.000000 -5.000000 600.000000
v 75.000000 -5.000000 600.000000
v 150.000000 -5.000000 600.000000
v 225.000000 -5.000000 600.000000
v 300.000000 -5.000000 600.000000
v 375.000000 -5.000000 600.000000
v 450.000000 -5.000000 600.000000
v 525.000000 -5.000000 600.000000
v 600.000000 -5.000000 600.000000
v 600.000000 0.000000 600.000000
v 525.000000 0.000000 600.000000
v 450.000000 0.000000 600.000000
v 375.000000 0.000000 600.000000
v 300.000000 0.000000 600.000000
v 225.000000 0.000000 600.000000
v 150.000000 0.000000 600.000000
v 75.000000 0.000000 600.000000
v 0.000000 0.000000 0.000000
v 75.000000 0.000000 0.000000
v 150.000000 0.000000 0.000000
v 225.000000 0.000000 0.000000
v 300.000000 0.000000 0.000000
v 375.000000 0.000000 0.000000
v 450.000000 0.000000 0.000000
v 525.000000 0.000000 0.000000
v 600.000000 0.000000 0.000000
v 600.000000 -5.000000 0.000000
v 525.000000 -5.000000 0.000000
v 450.000000 -5.000000 0.000000
v 375.000000 -5.000000 0.000000
v 300.000000 -5.000000 0.000000
v 225.000000 -5.000000 0.000000
v 150.000000 -5.000000 0.000000
v 75.000000 -5.000000 0.000000
v -0.000000 -5.000000 0.000000
v 600.000000 0.000000 525.000000
v 600.000000 0.000000 450.000000
v 600.000000 0.000000 375.000000
v 600.000000 0.000000 300.000000
v 600.000000 0.000000 225.000000
v 600.000000 0.000000 150.000000
v 600.000000 0.000000 75.000000
v 0.000000 0.000000 75.000000
v 0.000000 0.000000 150.000000
v 0.000000 0.000000 225.000000
v 0.000000 0.000000 300.000000
v 0.000000 0.000000 375.000000
v 0.000000 0.000000 450.000000
v 0.000000 0.000000 525.000000
v 85.714286 0.000000 514.285714
v 85.714286 0.000000 428.571429
v 85.714286 0.000000 342.857143
v 85.714286 0.000000 257.142857
v 85.714286 0.000000 171.428571
v 85.714286 0.000000 85.714286
v 171.428571 0.000000 514.285714
v 171.428571 0.000000 428.571429
v 171.428571 0.000000 342.857143
v 171.428571 0.000000 257.142857
v 171.428571 0.000000 171.428571
v 171.428571 0.000000 85.714286
v 257.142857 0.000000 514.285714
v 257.142857 0.000000 428.571429
v 257.142857 0.000000 342.857143
v 257.142857 0.000000 257.142857
v 257.142857 0.000000 171.428571
v 257.142857 0.000000 85.714286
v 342.857143 0.000000 514.285714
v 342.857143 0.000000 428.571429
v 342.857143 0.000000 342.857143
v 342.857143 0.000000 257.142857
v 342.857143 0.000000 171.428571
v 342.857143 0.000000 85.714286
v 428.571429 0.000000 514.285714
v 428.571429 0.000000 428.571429
v 428.571429 0.000000 342.857143
v 428.571429 0.000000 257.142857
v 428.571429 0.000000 171.428571
v 428.571429 0.000000 85.714286
v 514.285714 0.000000 514.285714
v 514.285714 0.000000 428.571429
v 514.285714 0.000000 342.857143
v 514.285714 0.000000 257.142857
v 514.285714 0.000000 171.428571
v 514.285714 0.000000 85.714286
v 600.000000 -5.000000 525.000000
v 600.000000 -5.000000 450.000000
v 600.000000 -5.000000 375.000000
v 600.000000 -5.000000 300.000000
v 600.000000 -5.000000 225.000000
v 600.000000 -5.000000 150.000000
v 600.000000 -5.000000 75.000000
v -0.000000 -5.000000 525.000000
v -0.000000 -5.000000 450.000000
v -0.000000 -5.000000 375.000000
v -0.000000 -5.000000 300.000000
v -0.000000 -5.000000 225.000000
v -0.000000 -5.000000 150.000000
v -0.000000 -5.000000 75.000000
v 514.285714 -5.000000 514.285714
v 514.285714 -5.000000 428.571429
v 514.285714 -5.000000 342.857143
v 514.285714 -5.000000 257.142857
v 514.285714 -5.000000 171.428571
v 514.285714 -5.000000 85.714286
v 428.571429 -5.000000 514.285714
v 428.571429 -5.000000 428.571429
v 428.571429 -5.000000 342.857143
v 428.571429 -5.000000 257.142857
v 428.571429 -5.000000 171.428571
v 428.571429 -5.000000 85.714286
v 342.857143 -5.000000 514.285714
v 342.857143 -5.000000 428.571429
v 342.857143 -5.000000 342.857143
v 342.857143 -5.000000 257.142857
v 342.857143 -5.000000 171.428571
v 342.857143 -5.000000 85.714286
v 257.142857 -5.000000 514.285714
v 257.142857 -5.000000 428.571429
v 257.142857 -5.000000 342.857143
v 257.142857 -5.000000 257.142857
v 257.142857 -5.000000 171.428571
v 257.142857 -5.000000 85.714286
v 171.428571 -5.000000 514.285714
v 171.428571 -5.000000 428.571429
v 171.428571 -5.000000 342.857143
v 171.428571 -5.000000 257.142857
v 171.428571 -5.000000 171.428571
v 171.428571 -5.000000 85.714286
v 85.714286 -5.000000 514.285714
v 85.714286 -5.000000 428.571429
v 85.714286 -5.000000 342.857143
v 85.714286 -5.000000 257.142857
v 85.714286 -5.000000 171.428571
v 85.714286 -5.000000 85.714286
vt 0.500000 0.000000 0.000000
vt 0.500000 7.500000 0.000000
vt -0.000000 -0.000000 0.000000
vt 0.000000 7.500000 0.000000
vt 0.500000 15.000000 0.000000
vt 0.000000 15.000000 0.000000
vt 0.500000 22.500000 0.000000
vt 0.000000 22.500000 0.000000
vt 0.500000 30.000000 0.000000
vt 0.000000 30.000000 0.000000
vt 0.500000 37.500000 0.000000
vt 0.000000 37.500000 0.000000
vt 0.500000 45.000000 0.000000
vt 0.000000 45.000000 0.000000
vt 0.500000 52.500000 0.000000
vt 0.000000 52.500000 0.000000
vt 0.500000 60.000000 0.000000
vt 0.000000 60.000000 0.000000
vt 0.000000 -0.000000 0.000000
vt -0.000000 7.500000 0.000000
vt -0.500000 0.000000 0.000000
vt -0.500000 7.500000 0.000000
vt -0.000000 15.000000 0.000000
vt -0.500000 15.000000 0.000000
vt -0.000000 22.500000 0.000000
vt -0.500000 22.500000 0.000000
vt -0.000000 30.000000 0.000000
vt -0.500000 30.000000 0.000000
vt -0.000000 37.500000 0.000000
vt -0.500000 37.500000 0.000000
vt -0.000000 45.000000 0.000000
vt -0.500000 45.000000 0.000000
vt -0.000000 52.500000 0.000000
vt -0.500000 52.500000 0.000000
vt -0.000000 60.000000 0.000000
vt -0.500000 60.000000 0.000000
vt -0.000000 60.000000 0.000000
vt 0.000000 52.500000 0.000000
vt 7.500000 60.000000 0.000000
vt 8.571429 51.428571 0.000000
vt 15.000000 60.000000 0.000000
vt 17.142857 51.428571 0.000000
vt 22.500000 60.000000 0.000000
vt 25.714286 51.428571 0.000000
vt 30.000000 60.000000 0.000000
vt 34.285714 51.428571 0.000000
vt 37.500000 60.000000 0.000000
vt 42.857143 51.428571 0.000000
vt 45.000000 60.000000 0.000000
vt 51.428571 51.428571 0.000000
vt 52.500000 60.000000 0.000000
vt 60.000000 52.500000 0.000000
vt 60.000000 60.000000 0.000000
vt 0.000000 45.000000 0.000000
vt 8.571429 42.857143 0.000000
vt 17.142857 42.857143 0.000000
vt 17.142857 34.285714 0.000000
vt 25.714286 34.285714 0.000000
vt 25.714286 25.714286 0.000000
vt 34.285714 25.714286 0.000000
vt 34.285714 17.142857 0.000000
vt 42.857143 17.142857 0.000000
vt 42.857143 8.571429 0.000000
vt 51.428571 8.571429 0.000000
vt 45.000000 0.000000 0.000000
vt 52.500000 0.000000 0.000000
vt 0.000000 37.500000 0.000000
vt 8.571429 34.285714 0.000000
vt 17.142857 25.714286 0.000000
vt 25.714286 17.142857 0.000000
vt 34.285714 8.571429 0.000000
vt 37.500000 0.000000 0.000000
vt 0.000000 30.000000 0.000000
vt 8.571429 25.714286 0.000000
vt 17.142857 17.142857 0.000000
vt 25.714286 8.571429 0.000000
vt 30.000000 0.000000 0.000000
vt 0.000000 22.500000 0.000000
vt 8.571429 17.142857 0.000000
vt 17.142857 8.571429 0.000000
vt 22.500000 0.000000 0.000000
vt 0.000000 15.000000 0.000000
vt 8.571429 8.571429 0.000000
vt 15.000000 0.000000 0.000000
vt 0.000000 7.500000 0.000000
vt 7.500000 0.000000 0.000000
vt -0.000000 0.000000 0.000000
vt 60.000000 0.000000 0.000000
vt 60.000000 7.500000 0.000000
vt 60.000000 15.000000 0.000000
vt 51.428571 17.142857 0.000000
vt 42.857143 25.714286 0.000000
vt 34.285714 34.285714 0.000000
vt 25.714286 42.857143 0.000000
vt 60.000000 22.500000 0.000000
vt 51.428571 25.714286 0.000000
vt 42.857143 34.285714 0.000000
vt 34.285714 42.857143 0.000000
vt 60.000000 30.000000 0.000000
vt 51.428571 34.285714 0.000000
vt 42.857143 42.857143 0.000000
vt 60.000000 37.500000 0.000000
vt 51.428571 42.857143 0.000000
vt 60.000000 45.000000 0.000000
vt -0.000000 0.000000 0.000000
vt 7.500000 0.000000 0.000000
vt -0.000000 0.500000 0.000000
vt 7.500000 0.500000 0.000000
vt 15.000000 0.000000 0.000000
vt 15.000000 0.500000 0.000000
vt 22.500000 0.000000 0.000000
vt 22.500000 0.500000 0.000000
vt 30.000000 0.000000 0.000000
vt 30.000000 0.500000 0.000000
vt 37.500000 0.000000 0.000000
vt 37.500000 0.500000 0.000000
vt 45.000000 0.000000 0.000000
vt 45.000000 0.500000 0.000000
vt 52.500000 0.000000 0.000000
vt 52.500000 0.500000 0.000000
vt 60.000000 0.000000 0.000000
vt 60.000000 0.500000 0.000000
vt -0.000000 60.000000 0.000000
vt 0.000000 52.500000 0.000000
vt 7.500000 60.000000 0.000000
vt 8.571429 51.428571 0.000000
vt 15.000000 60.000000 0.000000
vt 17.142857 51.428571 0.000000
vt 22.500000 60.000000 0.000000
vt 25.714286 51.428571 0.000000
vt 30.000000 60.000000 0.000000
vt 34.285714 51.428571 0.000000
vt 37.500000 60.000000 0.000000
vt 42.857143 51.428571 0.000000
vt 45.000000 60.000000 0.000000
vt 51.428571 51.428571 0.000000
vt 52.500000 60.000000 0.000000
vt 60.000000 52.500000 0.000000
vt 60.000000 60.000000 0.000000
vt 0.000000 45.000000 0.000000
vt 8.571429 42.857143 0.000000
vt 17.142857 42.857143 0.000000
vt 17.142857 34.285714 0.000000
vt 25.714286 34.285714 0.000000
vt 25.714286 25.714286 0.000000
vt 34.285714 25.714286 0.000000
vt 34.285714 17.142857 0.000000
vt 42.857143 17.142857 0.000000
vt 42.857143 8.571429 0.000000
vt 51.428571 8.571429 0.000000
vt 45.000000 0.000000 0.000000
vt 52.500000 0.000000 0.000000
vt 0.000000 37.500000 0.000000
vt 8.571429 34.285714 0.000000
vt 17.142857 25.714286 0.000000
vt 25.714286 17.142857 0.000000
vt 34.285714 8.571429 0.000000
vt 37.500000 0.000000 0.000000
vt 0.000000 30.000000 0.000000
vt 8.571429 25.714286 0.000000
vt 17.142857 17.142857 0.000000
vt 25.714286 8.571429 0.000000
vt 30.000000 0.000000 0.000000
vt 0.000000 22.500000 0.000000
vt 8.571429 17.142857 0.000000
vt 17.142857 8.571429 0.000000
vt 22.500000 0.000000 0.000000
vt 0.000000 15.000000 0.000000
vt 8.571429 8.571429 0.000000
vt 15.000000 0.000000 0.000000
vt 0.000000 7.500000 0.000000
vt 7.500000 0.000000 0.000000
vt -0.000000 0.000000 0.000000
vt 60.000000 0.000000 0.000000
vt 60.000000 7.500000 0.000000
vt 60.000000 15.000000 0.000000
vt 51.428571 17.142857 0.000000
vt 42.857143 25.714286 0.000000
vt 34.285714 34.285714 0.000000
vt 25.714286 42.857143 0.000000
vt 60.000000 22.500000 0.000000
vt 51.428571 25.714286 0.000000
vt 42.857143 34.285714 0.000000
vt 34.285714 42.857143 0.000000
vt 60.000000 30.000000 0.000000
vt 51.428571 34.285714 0.000000
vt 42.857143 42.857143 0.000000
vt 60.000000 37.500000 0.000000
vt 51.428571 42.857143 0.000000
vt 60.000000 45.000000 0.000000
vt -0.000000 0.000000 0.000000
vt 7.500000 0.000000 0.000000
vt -0.000000 0.500000 0.000000
vt 7.500000 0.500000 0.000000
vt 15.000000 0.000000 0.000000
vt 15.000000 0.500000 0.000000
vt 22.500000 0.000000 0.000000
vt 22.500000 0.500000 0.000000
vt 30.000000 0.000000 0.000000
vt 30.000000 0.500000 0.000000
vt 37.500000 0.000000 0.000000
vt 37.500000 0.500000 0.000000
vt 45.000000 0.000000 0.000000
vt 45.000000 0.500000 0.000000
vt 52.500000 0.000000 0.000000
vt 52.500000 0.500000 0.000000
vt 60.000000 0.000000 0.000000
vt 60.000000 0.500000 0.000000
vn 0.000000 0.000000 0.100000
vn 0.000000 0.000000 0.100000
vn 0.000000 0.000000 0.100000
vn 0.000000 0.000000 0.100000
vn 0.000000 0.000000 0.100000
vn 0.000000 0.000000 0.100000
vn 0.000000 0.000000 0.100000
vn 0.000000 0.000000 0.100000
vn 0.000000 0.000000 0.100000
vn 0.000000 0.000000 0.100000
vn 0.000000 0.000000 0.100000
vn 0.000000 0.000000 0.100000
vn 0.000000 0.000000 0.100000
vn 0.000000 0.000000 0.100000
vn 0.000000 0.000000 0.100000
vn 0.000000 0.000000 0.100000
vn 0.000000 0.000000 0.100000
vn 0.000000 0.000000 0.100000
vn 0.000000 0.000000 -0.100000
vn 0.000000 0.000000 -0.100000
vn 0.000000 0.000000 -0.100000
vn 0.000000 0.000000 -0.100000
vn 0.000000 0.000000 -0.100000
vn 0.000000 0.000000 -0.100000
vn 0.000000 0.000000 -0.100000
vn 0.000000 0.000000 -0.100000
vn 0.000000 0.000000 -0.100000
vn 0.000000 0.000000 -0.100000
vn 0.000000 0.000000 -0.100000
vn 0.000000 0.000000 -0.100000
vn 0.000000 0.000000 -0.100000
vn 0.000000 0.000000 -0.100000
vn 0.000000 0.000000 -0.100000
vn 0.000000 0.000000 -0.100000
vn 0.000000 0.000000 -0.100000
vn 0.000000 0.000000 -0.100000
vn 0.000000 0.100000 0.000000
vn 0.000000 0.100000 0.000000
vn 0.000000 0.100000 0.000000
vn 0.000000 0.100000 0.000000
vn 0.000000 0.100000 0.000000
vn 0.000000 0.100000 0.000000
vn 0.000000 0.100000 0.000000
vn 0.000000 0.100000 0.000000
vn 0.000000 0.100000 0.000000
vn 0.000000 0.100000 0.000000
vn 0.000000 0.100000 0.000000
vn 0.000000 0.100000 0.000000
vn 0.000000 0.100000 0.000000
vn 0.000000 0.100000 0.000000
vn 0.000000 0.100000 0.000000
vn 0.000000 0.100000 0.000000
vn 0.000000 0.100000 0.000000
vn 0.000000 0.100000 0.000000
vn 0.000000 0.100000 0.000000
vn 0.000000 0.100000 0.000000
vn 0.000000 0.100000 0.000000
vn 0.000000 0.100000 0.000000
vn 0.000000 0.100000 0.000000
vn 0.000000 0.100000 0.000000
vn 0.000000 0.100000 0.000000
vn 0.000000 0.100000 0.000000
vn 0.000000 0.100000 0.000000
vn 0.000000 0.100000 0.000000
vn 0.000000 0.100000 0.000000
vn 0.000000 0.100000 0.000000
vn 0.000000 0.100000 0.000000
vn 0.000000 0.100000 0.000000
vn 0.000000 0.100000 0.000000
vn 0.000000 0.100000 0.000000
vn 0.000000 0.100000 0.000000
vn 0.000000 0.100000 0.000000
vn 0.000000 0.100000 0.000000
vn 0.000000 0.100000 0.000000
vn 0.000000 0.100000 0.000000
vn 0.000000 0.100000 0.000000
vn 0.000000 0.100000 0.000000
vn 0.000000 0.100000 0.000000
vn 0.000000 0.100000 0.000000
vn 0.000000 0.100000 0.000000
vn 0.000000 0.100000 0.000000
vn 0.000000 0.100000 0.000000
vn 0.000000 0.100000 0.000000
vn 0.000000 0.100000 0.000000
vn 0.000000 0.100000 0.000000
vn 0.000000 0.100000 0.000000
vn 0.000000 0.100000 0.000000
vn 0.000000 0.100000 0.000000
vn 0.000000 0.100000 0.000000
vn 0.000000 0.100000 0.000000
vn 0.000000 0.100000 0.000000
vn 0.000000 0.100000 0.000000
vn 0.000000 0.100000 0.000000
vn 0.000000 0.100000 0.000000
vn 0.000000 0.100000 0.000000
vn 0.000000 0.100000 0.000000
vn 0.000000 0.100000 0.000000
vn 0.000000 0.100000 0.000000
vn 0.000000 0.100000 0.000000
vn 0.000000 0.100000 0.000000
vn 0.000000 0.100000 0.000000
vn 0.000000 0.100000 0.000000
vn 0.000000 0.100000 0.000000
vn 0.000000 0.100000 0.000000
vn 0.100000 -0.000000 0.000000
vn 0.100000 -0.000000 0.000000
vn 0.100000 -0.000000 0.000000
vn 0.100000 -0.000000 0.000000
vn 0.100000 -0.000000 0.000000
vn 0.100000 -0.000000 0.000000
vn 0.100000 -0.000000 0.000000
vn 0.100000 -0.000000 0.000000
vn 0.100000 -0.000000 0.000000
vn 0.100000 -0.000000 0.000000
vn 0.100000 -0.000000 0.000000
vn 0.100000 -0.000000 0.000000
vn 0.100000 -0.000000 0.000000
vn 0.100000 -0.000000 0.000000
vn 0.100000 -0.000000 0.000000
vn 0.100000 -0.000000 0.000000
vn 0.100000 -0.000000 0.000000
vn 0.100000 -0.000000 0.000000
vn -0.000000 -0.100000 0.000000
vn -0.000000 -0.100000 0.000000
vn -0.000000 -0.100000 0.000000
vn -0.000000 -0.100000 0.000000
vn -0.000000 -0.100000 0.000000
vn -0.000000 -0.100000 0.000000
vn -0.000000 -0.100000 0.000000
vn -0.000000 -0.100000 0.000000
vn -0.000000 -0.100000 0.000000
vn -0.000000 -0.100000 0.000000
vn -0.000000 -0.100000 0.000000
vn -0.000000 -0.100000 0.000000
vn -0.000000 -0.100000 0.000000
vn -0.000000 -0.100000 0.000000
vn -0.000000 -0.100000 0.000000
vn -0.000000 -0.100000 0.000000
vn -0.000000 -0.100000 0.000000
vn -0.000000 -0.100000 0.000000
vn -0.000000 -0.100000 0.000000
vn -0.000000 -0.100000 0.000000
vn -0.000000 -0.100000 0.000000
vn -0.000000 -0.100000 0.000000
vn -0.000000 -0.100000 0.000000
vn -0.000000 -0.100000 0.000000
vn -0.000000 -0.100000 0.000000
vn -0.000000 -0.100000 0.000000
vn -0.000000 -0.100000 0.000000
vn -0.000000 -0.100000 0.000000
vn -0.000000 -0.100000 0.000000
vn -0.000000 -0.100000 0.000000
vn -0.000000 -0.100000 0.000000
vn -0.000000 -0.100000 0.000000
vn -0.000000 -0.100000 0.000000
vn -0.000000 -0.100000 0.000000
vn -0.000000 -0.100000 0.000000
vn -0.000000 -0.100000 0.000000
vn -0.000000 -0.100000 0.000000
vn -0.000000 -0.100000 0.000000
vn -0.000000 -0.100000 0.000000
vn -0.000000 -0.100000 0.000000
vn -0.000000 -0.100000 0.000000
vn -0.000000 -0.100000 0.000000
vn -0.000000 -0.100000 0.000000
vn -0.000000 -0.100000 0.000000
vn -0.000000 -0.100000 0.000000
vn -0.000000 -0.100000 0.000000
vn -0.000000 -0.100000 0.000000
vn -0.000000 -0.100000 0.000000
vn -0.000000 -0.100000 0.000000
vn -0.000000 -0.100000 0.000000
vn -0.000000 -0.100000 0.000000
vn -0.000000 -0.100000 0.000000
vn -0.000000 -0.100000 0.000000
vn -0.000000 -0.100000 0.000000
vn -0.000000 -0.100000 0.000000
vn -0.000000 -0.100000 0.000000
vn -0.000000 -0.100000 0.000000
vn -0.000000 -0.100000 0.000000
vn -0.000000 -0.100000 0.000000
vn -0.000000 -0.100000 0.000000
vn -0.000000 -0.100000 0.000000
vn -0.000000 -0.100000 0.000000
vn -0.000000 -0.100000 0.000000
vn -0.000000 -0.100000 0.000000
vn -0.000000 -0.100000 0.000000
vn -0.000000 -0.100000 0.000000
vn -0.000000 -0.100000 0.000000
vn -0.000000 -0.100000 0.000000
vn -0.100000 0.000000 0.000000
vn -0.100000 0.000000 0.000000
vn -0.100000 0.000000 0.000000
vn -0.100000 0.000000 0.000000
vn -0.100000 0.000000 0.000000
vn -0.100000 0.000000 0.000000
vn -0.100000 0.000000 0.000000
vn -0.100000 0.000000 0.000000
vn -0.100000 0.000000 0.000000
vn -0.100000 0.000000 0.000000
vn -0.100000 0.000000 0.000000
vn -0.100000 0.000000 0.000000
vn -0.100000 0.000000 0.000000
vn -0.100000 0.000000 0.000000
vn -0.100000 0.000000 0.000000
vn -0.100000 0.000000 0.000000
vn -0.100000 0.000000 0.000000
vn -0.100000 0.000000 0.000000
usemtl QR_box_Sides(1)
f 542/913/913 543/914/914 541/915/915
f 541/915/915 543/914/914 558/916/916
f 558/916/916 543/914/914 544/917/917
f 558/916/916 544/917/917 557/918/918
f 557/918/918 544/917/917 545/919/919
f 557/918/918 545/919/919 556/920/920
f 556/920/920 545/919/919 546/921/921
f 556/920/920 546/921/921 555/922/922
f 555/922/922 546/921/921 547/923/923
f 555/922/922 547/923/923 554/924/924
f 554/924/924 547/923/923 548/925/925
f 554/924/924 548/925/925 553/926/926
f 553/926/926 548/925/925 549/927/927
f 553/926/926 549/927/927 552/928/928
f 552/928/928 549/927/927 550/929/929
f 552/928/928 550/929/929 551/930/930
f 559/931/931 560/932/932 576/933/933
f 576/933/933 560/932/932 575/934/934
f 575/934/934 560/932/932 561/935/935
f 575/934/934 561/935/935 574/936/936
f 574/936/936 561/935/935 562/937/937
f 574/936/936 562/937/937 573/938/938
f 573/938/938 562/937/937 563/939/939
f 573/938/938 563/939/939 572/940/940
f 572/940/940 563/939/939 564/941/941
f 572/940/940 564/941/941 571/942/942
f 571/942/942 564/941/941 565/943/943
f 571/942/942 565/943/943 570/944/944
f 570/944/944 565/943/943 566/945/945
f 570/944/944 566/945/945 569/946/946
f 569/946/946 566/945/945 567/947/947
f 569/946/946 567/947/947 568/948/948
f 541/949/949 558/950/950 590/951/951
f 590/951/951 558/950/950 591/952/952
f 590/951/951 591/952/952 589/953/953
f 589/953/953 591/952/952 592/954/954
f 589/953/953 592/954/954 588/955/955
f 588/955/955 592/954/954 593/956/956
f 588/955/955 593/956/956 587/957/957
f 587/957/957 593/956/956 594/958/958
f 587/957/957 594/958/958 586/959/959
f 586/959/959 594/958/958 595/960/960
f 586/959/959 595/960/960 585/961/961
f 585/961/961 595/960/960 596/962/962
f 585/961/961 596/962/962 584/963/963
f 584/963/963 596/962/962 560/964/964
f 584/963/963 560/964/964 559/965/965
f 558/950/950 557/966/966 591/952/952
f 591/952/952 557/966/966 597/967/967
f 591/952/952 597/967/967 598/968/968
f 598/968/968 597/967/967 604/969/969
f 598/968/968 604/969/969 605/970/970
f 605/970/970 604/969/969 611/971/971
f 605/970/970 611/971/971 612/972/972
f 612/972/972 611/971/971 618/973/973
f 612/972/972 618/973/973 619/974/974
f 619/974/974 618/973/973 625/975/975
f 619/974/974 625/975/975 626/976/976
f 626/976/976 625/975/975 582/977/977
f 626/976/976 582/977/977 583/978/978
f 557/966/966 556/979/979 597/967/967
f 597/967/967 556/979/979 603/980/980
f 597/967/967 603/980/980 604/969/969
f 604/969/969 603/980/980 610/981/981
f 604/969/969 610/981/981 611/971/971
f 611/971/971 610/981/981 617/982/982
f 611/971/971 617/982/982 618/973/973
f 618/973/973 617/982/982 624/983/983
f 618/973/973 624/983/983 625/975/975
f 625/975/975 624/983/983 581/984/984
f 625/975/975 581/984/984 582/977/977
f 556/979/979 555/985/985 603/980/980
f 603/980/980 555/985/985 609/986/986
f 603/980/980 609/986/986 610/981/981
f 610/981/981 609/986/986 616/987/987
f 610/981/981 616/987/987 617/982/982
f 617/982/982 616/987/987 623/988/988
f 617/982/982 623/988/988 624/983/983
f 624/983/983 623/988/988 580/989/989
f 624/983/983 580/989/989 581/984/984
f 555/985/985 554/990/990 609/986/986
f 609/986/986 554/990/990 615/991/991
f 609/986/986 615/991/991 616/987/987
f 616/987/987 615/991/991 622/992/992
f 616/987/987 622/992/992 623/988/988
f 623/988/988 622/992/992 579/993/993
f 623/988/988 579/993/993 580/989/989
f 554/990/990 553/994/994 615/991/991
f 615/991/991 553/994/994 621/995/995
f 615/991/991 621/995/995 622/992/992
f 622/992/992 621/995/995 578/996/996
f 622/992/992 578/996/996 579/993/993
f 553/994/994 552/997/997 621/995/995
f 621/995/995 552/997/997 577/998/998
f 621/995/995 577/998/998 578/996/996
f 552/997/997 551/999/999 577/998/998
f 567/1000/1000 566/1001/1001 583/978/978
f 583/978/978 566/1001/1001 626/976/976
f 566/1001/1001 565/1002/1002 626/976/976
f 626/976/976 565/1002/1002 620/1003/1003
f 626/976/976 620/1003/1003 619/974/974
f 619/974/974 620/1003/1003 613/1004/1004
f 619/974/974 613/1004/1004 612/972/972
f 612/972/972 613/1004/1004 606/1005/1005
f 612/972/972 606/1005/1005 605/970/970
f 605/970/970 606/1005/1005 599/1006/1006
f 605/970/970 599/1006/1006 598/968/968
f 598/968/968 599/1006/1006 592/954/954
f 598/968/968 592/954/954 591/952/952
f 565/1002/1002 564/1007/1007 620/1003/1003
f 620/1003/1003 564/1007/1007 614/1008/1008
f 620/1003/1003 614/1008/1008 613/1004/1004
f 613/1004/1004 614/1008/1008 607/1009/1009
f 613/1004/1004 607/1009/1009 606/1005/1005
f 606/1005/1005 607/1009/1009 600/1010/1010
f 606/1005/1005 600/1010/1010 599/1006/1006
f 599/1006/1006 600/1010/1010 593/956/956
f 599/1006/1006 593/956/956 592/954/954
f 564/1007/1007 563/1011/1011 614/1008/1008
f 614/1008/1008 563/1011/1011 608/1012/1012
f 614/1008/1008 608/1012/1012 607/1009/1009
f 607/1009/1009 608/1012/1012 601/1013/1013
f 607/1009/1009 601/1013/1013 600/1010/1010
f 600/1010/1010 601/1013/1013 594/958/958
f 600/1010/1010 594/958/958 593/956/956
f 563/1011/1011 562/1014/1014 608/1012/1012
f 608/1012/1012 562/1014/1014 602/1015/1015
f 608/1012/1012 602/1015/1015 601/1013/1013
f 601/1013/1013 602/1015/1015 595/960/960
f 601/1013/1013 595/960/960 594/958/958
f 562/1014/1014 561/1016/1016 602/1015/1015
f 602/1015/1015 561/1016/1016 596/962/962
f 602/1015/1015 596/962/962 595/960/960
f 561/1016/1016 560/964/964 596/962/962
f 550/1017/1017 627/1018/1018 551/1019/1019
f 551/1019/1019 627/1018/1018 577/1020/1020
f 577/1020/1020 627/1018/1018 628/1021/1021
f 577/1020/1020 628/1021/1021 578/1022/1022
f 578/1022/1022 628/1021/1021 629/1023/1023
f 578/1022/1022 629/1023/1023 579/1024/1024
f 579/1024/1024 629/1023/1023 630/1025/1025
f 579/1024/1024 630/1025/1025 580/1026/1026
f 580/1026/1026 630/1025/1025 631/1027/1027
f 580/1026/1026 631/1027/1027 581/1028/1028
f 581/1028/1028 631/1027/1027 632/1029/1029
f 581/1028/1028 632/1029/1029 582/1030/1030
f 582/1030/1030 632/1029/1029 633/1031/1031
f 582/1030/1030 633/1031/1031 583/1032/1032
f 583/1032/1032 633/1031/1031 568/1033/1033
f 583/1032/1032 568/1033/1033 567/1034/1034
f 550/1035/1035 549/1036/1036 627/1037/1037
f 627/1037/1037 549/1036/1036 641/1038/1038
f 627/1037/1037 641/1038/1038 628/1039/1039
f 628/1039/1039 641/1038/1038 642/1040/1040
f 628/1039/1039 642/1040/1040 629/1041/1041
f 629/1041/1041 642/1040/1040 643/1042/1042
f 629/1041/1041 643/1042/1042 630/1043/1043
f 630/1043/1043 643/1042/1042 644/1044/1044
f 630/1043/1043 644/1044/1044 631/1045/1045
f 631/1045/1045 644/1044/1044 645/1046/1046
f 631/1045/1045 645/1046/1046 632/1047/1047
f 632/1047/1047 645/1046/1046 646/1048/1048
f 632/1047/1047 646/1048/1048 633/1049/1049
f 633/1049/1049 646/1048/1048 569/1050/1050
f 633/1049/1049 569/1050/1050 568/1051/1051
f 549/1036/1036 548/1052/1052 641/1038/1038
f 641/1038/1038 548/1052/1052 647/1053/1053
f 641/1038/1038 647/1053/1053 648/1054/1054
f 648/1054/1054 647/1053/1053 654/1055/1055
f 648/1054/1054 654/1055/1055 655/1056/1056
f 655/1056/1056 654/1055/1055 661/1057/1057
f 655/1056/1056 661/1057/1057 662/1058/1058
f 662/1058/1058 661/1057/1057 668/1059/1059
f 662/1058/1058 668/1059/1059 669/1060/1060
f 669/1060/1060 668/1059/1059 675/1061/1061
f 669/1060/1060 675/1061/1061 676/1062/1062
f 676/1062/1062 675/1061/1061 639/1063/1063
f 676/1062/1062 639/1063/1063 640/1064/1064
f 548/1052/1052 547/1065/1065 647/1053/1053
f 647/1053/1053 547/1065/1065 653/1066/1066
f 647/1053/1053 653/1066/1066 654/1055/1055
f 654/1055/1055 653/1066/1066 660/1067/1067
f 654/1055/1055 660/1067/1067 661/1057/1057
f 661/1057/1057 660/1067/1067 667/1068/1068
f 661/1057/1057 667/1068/1068 668/1059/1059
f 668/1059/1059 667/1068/1068 674/1069/1069
f 668/1059/1059 674/1069/1069 675/1061/1061
f 675/1061/1061 674/1069/1069 638/1070/1070
f 675/1061/1061 638/1070/1070 639/1063/1063
f 547/1065/1065 546/1071/1071 653/1066/1066
f 653/1066/1066 546/1071/1071 659/1072/1072
f 653/1066/1066 659/1072/1072 660/1067/1067
f 660/1067/1067 659/1072/1072 666/1073/1073
f 660/1067/1067 666/1073/1073 667/1068/1068
f 667/1068/1068 666/1073/1073 673/1074/1074
f 667/1068/1068 673/1074/1074 674/1069/1069
f 674/1069/1069 673/1074/1074 637/1075/1075
f 674/1069/1069 637/1075/1075 638/1070/1070
f 546/1071/1071 545/1076/1076 659/1072/1072
f 659/1072/1072 545/1076/1076 665/1077/1077
f 659/1072/1072 665/1077/1077 666/1073/1073
f 666/1073/1073 665/1077/1077 672/1078/1078
f 666/1073/1073 672/1078/1078 673/1074/1074
f 673/1074/1074 672/1078/1078 636/1079/1079
f 673/1074/1074 636/1079/1079 637/1075/1075
f 545/1076/1076 544/1080/1080 665/1077/1077
f 665/1077/1077 544/1080/1080 671/1081/1081
f 665/1077/1077 671/1081/1081 672/1078/1078
f 672/1078/1078 671/1081/1081 635/1082/1082
f 672/1078/1078 635/1082/1082 636/1079/1079
f 544/1080/1080 543/1083/1083 671/1081/1081
f 671/1081/1081 543/1083/1083 634/1084/1084
f 671/1081/1081 634/1084/1084 635/1082/1082
f 543/1083/1083 542/1085/1085 634/1084/1084
f 576/1086/1086 575/1087/1087 640/1064/1064
f 640/1064/1064 575/1087/1087 676/1062/1062
f 575/1087/1087 574/1088/1088 676/1062/1062
f 676/1062/1062 574/1088/1088 670/1089/1089
f 676/1062/1062 670/1089/1089 669/1060/1060
f 669/1060/1060 670/1089/1089 663/1090/1090
f 669/1060/1060 663/1090/1090 662/1058/1058
f 662/1058/1058 663/1090/1090 656/1091/1091
f 662/1058/1058 656/1091/1091 655/1056/1056
f 655/1056/1056 656/1091/1091 649/1092/1092
f 655/1056/1056 649/1092/1092 648/1054/1054
f 648/1054/1054 649/1092/1092 642/1040/1040
f 648/1054/1054 642/1040/1040 641/1038/1038
f 574/1088/1088 573/1093/1093 670/1089/1089
f 670/1089/1089 573/1093/1093 664/1094/1094
f 670/1089/1089 664/1094/1094 663/1090/1090
f 663/1090/1090 664/1094/1094 657/1095/1095
f 663/1090/1090 657/1095/1095 656/1091/1091
f 656/1091/1091 657/1095/1095 650/1096/1096
f 656/1091/1091 650/1096/1096 649/1092/1092
f 649/1092/1092 650/1096/1096 643/1042/1042
f 649/1092/1092 643/1042/1042 642/1040/1040
f 573/1093/1093 572/1097/1097 664/1094/1094
f 664/1094/1094 572/1097/1097 658/1098/1098
f 664/1094/1094 658/1098/1098 657/1095/1095
f 657/1095/1095 658/1098/1098 651/1099/1099
f 657/1095/1095 651/1099/1099 650/1096/1096
f 650/1096/1096 651/1099/1099 644/1044/1044
f 650/1096/1096 644/1044/1044 643/1042/1042
f 572/1097/1097 571/1100/1100 658/1098/1098
f 658/1098/1098 571/1100/1100 652/1101/1101
f 658/1098/1098 652/1101/1101 651/1099/1099
f 651/1099/1099 652/1101/1101 645/1046/1046
f 651/1099/1099 645/1046/1046 644/1044/1044
f 571/1100/1100 570/1102/1102 652/1101/1101
f 652/1101/1101 570/1102/1102 646/1048/1048
f 652/1101/1101 646/1048/1048 645/1046/1046
f 570/1102/1102 569/1050/1050 646/1048/1048
f 541/1103/1103 590/1104/1104 542/1105/1105
f 542/1105/1105 590/1104/1104 634/1106/1106
f 634/1106/1106 590/1104/1104 589/1107/1107
f 634/1106/1106 589/1107/1107 635/1108/1108
f 635/1108/1108 589/1107/1107 588/1109/1109
f 635/1108/1108 588/1109/1109 636/1110/1110
f 636/1110/1110 588/1109/1109 587/1111/1111
f 636/1110/1110 587/1111/1111 637/1112/1112
f 637/1112/1112 587/1111/1111 586/1113/1113
f 637/1112/1112 586/1113/1113 638/1114/1114
f 638/1114/1114 586/1113/1113 585/1115/1115
f 638/1114/1114 585/1115/1115 639/1116/1116
f 639/1116/1116 585/1115/1115 584/1117/1117
f 639/1116/1116 584/1117/1117 640/1118/1118
f 640/1118/1118 584/1117/1117 559/1119/1119
f 640/1118/1118 559/1119/1119 576/1120/1120
# 676 vertices
# 1120 texture params
# 1120 normals
# 1328 facets

# 6 groups
